Primer Nombre,Apellido,Salario,Pais Residencia,Hijos,Pais Origen,Experiencia,Contratacion
Creight,Castleton,$3446.56,United States,3,Peru,5,2017
Ivar,Jaggar,$3956.57,Brazil,3,United States,4,2023
,Merck,$1903.53,Brazil,3,United States,0,2015
Nonnah,Goodbairn,$3766.16,Peru,3,United States,2,2017
Reinwald,Petzolt,$4288.22,Brazil,1,Brazil,6,2016
Romona,Stallen,$2494.19,United States,2,Brazil,10,2016
Roddy,Fasler,$1326.67,Brazil,0,United States,4,2021
Dirk,Allflatt,$1469.74,United States,2,Peru,9,2021
Tamarah,Kochl,$1595.68,United States,2,Brazil,7,2015
Cazzie,Jacobovitch,$2493.07,Peru,0,Brazil,2,2018
Alice,Slaymaker,$2278.54,Peru,0,United States,6,2015
Trent,Aspy,$1422.58,Brazil,2,Brazil,6,2022
Michaela,Coskerry,$3783.89,Brazil,3,Brazil,10,2022
Bailie,Care,$1270.97,United States,2,Italy,6,2020
Hilda,Roach,$2199.73,Brazil,,,9,2021
Michele,Kehir,$4500.93,Brazil,3,United States,10,2015
Patricio,Thomsen,$3480.98,Peru,3,Brazil,7,2018
Anabelle,Puddicombe,$1986.34,United States,0,Brazil,7,2015
Clemence,Iveson,$4566.96,United States,0,Australia,1,2022
Debra,Berthot,$2266.99,Australia,3,Brazil,10,2020
Ginny,Dowglass,$2135.44,Brazil,2,Brazil,6,2021
Ilyse,McAnulty,$1789.80,Brazil,2,Brazil,9,2021
Josee,Caven,$2678.35,Australia,,,0,2021
Leila,Naerup,$4741.86,Brazil,3,United States,3,2022
Coleman,,$3315.62,,3,Peru,10,2017
Elsa,,$3369.51,,2,United States,3,2020
Maurise,Joyes,$2887.55,Brazil,2,Brazil,10,2016
Stuart,Alpine,$1347.24,United States,3,Peru,3,2023
Herb,Goolden,$3865.17,United States,1,United States,7,2019
Arleen,Sauvage,$3557.42,Brazil,0,Chile,6,2021
Lauren,Neames,$4479.76,United States,2,Brazil,6,2018
Ivy,Alleburton,$4646.47,Brazil,0,United States,2,2022
Bambi,Gaize,$1603.50,Peru,,,4,2021
Hulda,Murrell,$3950.81,Peru,2,Peru,5,2020
Barbey,Guitton,$4343.11,United States,3,United States,5,2021
Orson,Malam,$3201.93,United States,2,Brazil,8,2023
Lucie,Husband,$4441.92,United States,1,United States,8,2017
Graeme,Studdard,$3826.11,Peru,3,Australia,3,2016
Brandise,Sporton,$2830.38,Brazil,1,Brazil,3,2017
Tannie,Murrie,$2025.20,United States,0,Brazil,4,2019
Finley,,$2326.88,,2,Brazil,5,2020
Shay,Rowat,$2407.30,United States,2,United States,5,2017
Julie,Richardeau,$4777.82,Brazil,1,Brazil,9,2023
Filippo,Stritton,$3115.13,Peru,0,Brazil,7,2023
Anastasia,Brunn,$4111.24,Brazil,2,Brazil,1,2021
Brewster,Mathevet,$1896.88,Brazil,0,Brazil,4,2023
Rickard,Tsar,$1656.19,Brazil,1,Brazil,2,2018
Lotti,Hamberstone,$4671.28,United States,2,Brazil,4,2022
Sheila,Lambart,$4650.87,Brazil,0,Peru,7,2023
Rudyard,Scullion,$1833.43,United States,1,Brazil,9,2017
Lisette,Veryan,$2144.59,United States,2,United States,3,2021
Olenka,Lording,$2339.44,United States,1,Brazil,8,2023
Larina,Minster,$2569.31,Brazil,1,Brazil,6,2015
Brnaba,,$3348.01,,0,Brazil,5,2017
Darcie,Snare,$4200.42,Peru,3,Brazil,10,2020
Ciro,Claworth,$4541.55,Brazil,3,Brazil,6,2022
,Duffil,$2121.42,Peru,0,United States,8,2022
Devland,,$2531.69,,3,Brazil,9,2015
Tracee,Scarsbrick,$2328.02,Brazil,3,United States,0,2023
Keriann,Merali,$4488.55,United States,1,United States,1,2020
Coralyn,Gullberg,$1908.69,Brazil,3,United States,1,2021
Adolphe,Aitkenhead,$2312.06,Brazil,1,Brazil,8,2016
Edita,Burgen,$2460.82,Brazil,0,United States,6,2019
Donn,Batkin,$3365.60,United States,1,United States,10,2021
Justin,Clarabut,$2663.38,Brazil,2,Brazil,1,2019
Stefanie,Giffard,$4711.40,United States,2,Peru,2,2019
Ardine,Bricknell,$1755.66,Brazil,0,Peru,6,2016
Nobie,Holson,$1409.99,Brazil,0,Chile,1,2016
Trevor,Pray,$2637.49,Costa Rica,2,Peru,2,2023
Rhonda,Ebunoluwa,$1836.61,Brazil,2,Brazil,3,2022
Tessa,Kilshaw,$4914.30,Brazil,1,Brazil,10,2016
Theodore,Kimmons,$2252.37,Peru,1,Brazil,2,2021
David,Kleynen,$1862.88,Peru,0,Costa Rica,0,2016
Shani,Nares,$1525.77,Brazil,0,United States,7,2023
Edy,McPhelimey,$1378.62,Costa Rica,1,Brazil,3,2016
Bev,Brunesco,$1186.17,Peru,0,Brazil,8,2020
Martha,Roskelley,$4448.87,United States,0,Brazil,9,2019
Johannah,Dearden,$4177.90,Brazil,0,United States,2,2018
Vitoria,Showl,$4856.48,United States,0,United States,5,2020
Edithe,Pigram,$4942.99,Brazil,0,United States,3,2020
Sigvard,Menzies,$3312.79,Peru,,,8,2022
Tomkin,Aumerle,$1304.92,Brazil,1,United States,6,2016
Costa,Nizard,$4079.50,Brazil,0,United States,10,2017
Gayelord,Fursey,$2777.53,Brazil,,,4,2020
Tristan,Pudsey,$3938.29,Brazil,3,Brazil,7,2023
Patric,Gooley,$1488.92,Brazil,1,Costa Rica,4,2023
Winston,Snashall,$1598.11,Brazil,,,9,2016
Nealson,Clancy,$3306.65,Peru,2,United States,9,2016
Helsa,Wallington,$1863.49,Peru,3,United States,3,2020
Harrie,Nickerson,$1698.35,United States,2,United States,0,2017
Hailee,Elmes,$1604.16,Brazil,3,United States,0,2020
,Alkin,$2379.61,Brazil,1,United States,8,2015
Anabel,Doole,$1488.22,Peru,3,Brazil,3,2018
Cristina,,$1123.75,,2,United States,0,2017
Karoly,Ronaghan,$2602.33,Brazil,,,4,2022
Bobina,Giacomo,$1525.72,United States,1,United States,0,2023
Elmira,Aylesbury,$3431.63,Brazil,2,United States,0,2020
Edward,Kepling,$3982.61,Peru,1,Peru,9,2020
Blondelle,Toynbee,$1714.67,Brazil,1,Brazil,4,2019
Allx,Bertrand,$3395.14,Brazil,1,United States,0,2018
Stepha,Goldsbury,$4887.42,United States,2,Costa Rica,7,2021
Bogey,Laydon,$1221.93,Peru,3,United States,5,2018
Debora,Marikhin,$2361.70,United States,0,Brazil,1,2016
Meg,Mudd,$2490.02,United States,2,Peru,7,2018
Pooh,Toplin,$4783.75,Brazil,1,Peru,7,2018
Niel,Schubuser,$4381.63,United States,1,Peru,6,2022
Elsey,Dilleston,$2424.85,Brazil,2,Chile,4,2019
Irena,Torrijos,$3271.24,United States,3,Brazil,9,2022
Niall,Gronowe,$2343.16,United States,1,Brazil,4,2022
Vladamir,Stockill,$3514.03,United States,2,Brazil,9,2023
Tod,Drees,$3170.40,Brazil,3,Brazil,10,2023
Rutter,Cristoforo,$4561.35,United States,1,Brazil,1,2020
Chauncey,Pendreigh,$2799.23,United States,2,United States,2,2017
Beaufort,Franklin,$4050.56,Brazil,,,6,2017
Igor,Sanpher,$2400.38,Peru,1,Peru,9,2015
Armin,Jandl,$3571.48,Brazil,0,United States,2,2015
Willey,Markovich,$1409.77,United States,3,Brazil,8,2016
Min,MacQuarrie,$4405.16,Costa Rica,0,Brazil,1,2020
Humfried,MacAloren,$1105.84,United States,3,Chile,4,2015
Mignonne,Norquoy,$1639.95,Peru,3,Italy,10,2022
Sherwood,Kinnen,$4119.94,Brazil,2,United States,9,2020
Dwain,Graddon,$3539.11,Brazil,2,Peru,4,2015
Iggie,Clearie,$2614.93,Brazil,1,Brazil,4,2016
Fidelio,Valenti,$3847.90,Brazil,2,Brazil,10,2019
Lisette,Bodicam,$2962.18,Peru,3,Brazil,3,2015
,Coutthart,$2425.33,Peru,2,United States,1,2016
Delmore,Carolan,$1187.41,United States,3,Brazil,0,2017
Elianore,Glanvill,$1614.12,Peru,1,United States,6,2018
Dee dee,Garland,$1862.98,Brazil,1,Brazil,10,2017
Mar,Easum,$3263.39,United States,2,Brazil,8,2020
Jaimie,Ryley,$3666.65,United States,1,United States,5,2023
Jo-anne,Aguilar,$2194.03,Brazil,2,Peru,10,2018
Dorey,Gossipin,$4133.59,United States,0,Brazil,1,2023
Carleen,Oland,$4497.19,Peru,3,Brazil,10,2017
Rivi,Balding,$3776.91,Brazil,0,United States,10,2016
Orin,Mateja,$4521.28,Brazil,0,United States,5,2019
Stella,Matchitt,$1632.38,United States,0,Peru,4,2023
Adelina,Abbey,$4453.80,Peru,1,Brazil,10,2015
Madlin,Exposito,$4952.92,Brazil,1,United States,3,2019
Barbara,Vedenyakin,$4461.00,United States,2,Chile,5,2017
Joanie,Reymers,$2483.99,Peru,0,Brazil,3,2018
Dilan,Sanderson,$3575.74,United States,0,Brazil,0,2022
Leann,Magrannell,$4843.51,United States,3,United States,10,2021
Cleveland,Filippov,$1168.78,Brazil,0,Peru,10,2020
Melinda,Bowcock,$4327.78,Brazil,0,Italy,6,2016
Ives,Justham,$4087.79,Brazil,2,Costa Rica,1,2017
Patience,Reedshaw,$4488.48,United States,2,Costa Rica,4,2015
Susann,Waby,$1915.03,United States,2,United States,6,2020
Brittani,Di Bartolomeo,$4220.88,Brazil,,,5,2022
Codi,Iorillo,$3819.63,Brazil,2,Brazil,4,2017
Kriste,Itzkin,$4789.86,United States,1,Brazil,4,2023
Sutherlan,Shadfourth,$3769.42,Brazil,3,Peru,9,2020
Chalmers,Bims,$4076.63,Brazil,1,United States,7,2021
Bevon,Hammer,$2487.14,Brazil,0,Peru,2,2019
Hilarius,McCoughan,$4224.86,Brazil,,,3,2021
Lola,Kupke,$1714.26,United States,3,United States,0,2017
Breanne,Patemore,$3967.72,United States,2,United States,4,2023
Garald,Filippi,$4207.62,Brazil,2,Peru,9,2015
Mandie,Kunert,$4015.17,United States,0,United States,4,2020
,Bridge,$1855.35,Brazil,0,Brazil,4,2018
Antoine,Dallimare,$2069.49,Peru,2,Brazil,8,2020
Rita,Matuschek,$2386.65,Peru,2,Brazil,10,2019
Homer,Shoulders,$3744.60,Brazil,2,Brazil,2,2017
Sandy,Canner,$4303.09,Peru,1,Peru,2,2017
Brewster,Beiderbecke,$3271.29,Brazil,1,Peru,5,2017
Kerrin,Brownfield,$4513.16,United States,3,United States,5,2023
Janelle,Cutmare,$4902.66,Brazil,3,Peru,7,2023
Meyer,Birchett,$3184.89,Peru,0,Brazil,5,2021
Theresina,Monckman,$1837.27,Brazil,0,Peru,8,2016
Catha,Holhouse,$2777.58,Peru,1,Brazil,2,2020
Isaiah,Langton,$3651.05,United States,0,United States,4,2018
Lindi,Writer,$3109.57,Brazil,1,Peru,6,2021
Dimitry,Palmar,$1462.43,United States,1,United States,7,2018
Cornela,Tonkinson,$4343.74,United States,0,Brazil,7,2022
Ailbert,D'Aeth,$3768.33,Brazil,3,Peru,1,2019
Padraig,Drewson,$2373.33,Brazil,0,Brazil,3,2023
Marcelia,Hagerty,$2074.62,United States,1,Peru,9,2017
Rosella,Kuschel,$4119.45,Brazil,3,United States,9,2023
Sallee,Minichi,$1799.26,Brazil,3,Brazil,6,2023
Arlyne,Maudson,$3570.98,Brazil,2,United States,8,2019
Fidelio,Rambaut,$3049.35,United States,1,United States,9,2020
Ruthanne,Dudderidge,$4862.62,Brazil,0,United States,2,2016
Karyl,Speaks,$4047.74,Peru,0,Peru,0,2017
Vale,Blanque,$2432.74,United States,3,United States,1,2021
Barry,Lodemann,$2845.99,Peru,2,Brazil,2,2017
Georas,Romanetti,$4016.33,Brazil,3,Brazil,3,2015
Stillman,Collingdon,$4226.28,Brazil,1,Brazil,10,2018
Kingsly,Grimmer,$1419.22,Peru,2,United States,9,2015
Alessandra,Paur,$2482.89,United States,3,Brazil,1,2020
Bernie,Blockley,$1820.28,Brazil,2,Peru,4,2018
Jake,Crellin,$4799.20,Brazil,2,United States,10,2020
Cassaundra,McAvaddy,$3731.72,United States,,,7,2021
Cairistiona,Fawdrie,$4697.62,Peru,3,Brazil,3,2017
Preston,Martinolli,$4908.81,United States,0,United States,7,2020
Vasili,McGeffen,$2532.96,Peru,1,Chile,9,2018
Anthia,Hurling,$4242.11,United States,0,Peru,10,2015
,Morson,$1443.03,United States,3,Brazil,1,2016
Joyann,O' Mahony,$3434.95,Brazil,3,United States,7,2021
Edward,Kleinschmidt,$3870.67,Brazil,1,United States,0,2020
Nathanial,Triplett,$4991.57,Brazil,1,United States,5,2019
Kamila,Cassedy,$1909.29,Brazil,1,Peru,4,2023
Daron,MacCafferty,$2408.44,United States,1,Brazil,0,2023
Rona,Andress,$3854.29,Brazil,3,Brazil,1,2021
Tammie,Redmore,$4823.25,Brazil,3,United States,1,2018
Johny,Albrighton,$2031.80,Brazil,1,Brazil,9,2022
Arnoldo,Rubroe,$3044.05,Brazil,,,3,2020
Alma,Crews,$4665.25,Brazil,0,Brazil,5,2015
Daile,Maleck,$1857.05,Brazil,1,Brazil,0,2018
Montgomery,,$3379.45,,3,Brazil,7,2017
Selinda,Tibb,$1884.85,Brazil,1,Brazil,5,2022
Rupert,Wace,$4052.51,United States,3,United States,1,2016
Pat,Mathevet,$3827.40,Brazil,3,Brazil,9,2018
Leilah,Skelhorn,$1368.78,United States,1,United States,2,2023
Broderic,Jiri,$3809.53,Brazil,2,Brazil,9,2020
Joella,Mariault,$3963.05,Brazil,1,United States,10,2023
Jeffy,Blare,$3980.26,Brazil,1,Peru,4,2016
Ethelda,Espie,$2035.83,Brazil,2,United States,3,2017
Clary,Bambrugh,$3616.13,Brazil,2,Peru,0,2018
Aldrich,Fernez,$4016.19,United States,1,Brazil,1,2019
Stace,Rucklidge,$1606.12,Brazil,3,Brazil,7,2016
Damian,Dracey,$1405.41,United States,3,Peru,8,2018
Jackquelin,Dilawey,$4164.41,Peru,2,Costa Rica,2,2021
Reg,Candie,$3858.46,United States,2,Brazil,8,2022
Onfre,Rounsivall,$4494.80,Brazil,0,Peru,7,2021
Dorice,Ginie,$4625.02,Peru,2,Brazil,7,2015
Else,Nussen,$2516.36,United States,1,Chile,1,2023
Carine,Bedberry,$1116.42,Peru,1,Brazil,0,2021
Lenee,Pentercost,$1228.45,Brazil,2,Peru,3,2020
Hermine,Maides,$1759.18,Brazil,3,Brazil,0,2023
Rici,Lokier,$4480.20,Brazil,,,0,2020
Alphonso,Clace,$1507.41,United States,2,Brazil,4,2016
Aurie,Piddletown,$2146.64,Peru,3,United States,4,2022
Vittoria,Busswell,$4745.05,United States,2,Brazil,0,2016
,Stenners,$2630.00,Brazil,1,Peru,1,2015
Fidole,Mc Carrick,$1114.13,Brazil,1,Brazil,3,2017
Wren,Agus,$3850.07,Peru,3,United States,0,2022
Georgie,Baynon,$3848.04,Brazil,3,Brazil,9,2015
Dode,Summerfield,$2050.45,United States,3,United States,0,2018
Alec,Shearwood,$4094.06,Brazil,2,Peru,9,2017
Caro,Loker,$4608.94,Brazil,3,Brazil,5,2022
Hagan,McTear,$1770.56,United States,1,Brazil,10,2021
Maurita,Wordington,$2566.27,Brazil,2,Peru,9,2017
Calla,Ruddell,$1841.83,Brazil,,,1,2016
Lisbeth,Gimblet,$1552.88,Brazil,2,United States,0,2015
Eirena,Sommerton,$1531.75,United States,3,Brazil,6,2015
Alexandrina,Coltherd,$4108.11,Peru,0,Brazil,10,2018
Paige,Doole,$3146.65,Costa Rica,1,Brazil,10,2015
Elianora,Forkan,$4783.56,Peru,1,Brazil,3,2023
Urbain,Jarley,$3242.68,United States,1,Brazil,4,2021
Cori,Baylie,$2554.00,Peru,2,United States,7,2023
Armando,Northill,$4501.65,United States,2,Brazil,6,2023
Kiah,L'Homme,$3404.20,United States,0,Brazil,9,2019
Atlanta,Schulz,$4184.06,Costa Rica,2,Peru,8,2021
Dalston,Cardis,$2008.68,United States,2,Brazil,0,2016
Saw,Attwood,$2624.24,Peru,1,United States,6,2021
Salomo,Pell,$2324.28,Brazil,0,United States,6,2016
Carolynn,Bonsul,$2138.70,United States,1,United States,6,2018
Garv,Freear,$4459.68,Brazil,0,United States,5,2016
Laureen,Fessier,$4011.39,Brazil,3,Brazil,4,2022
Ado,Burtt,$4327.84,Brazil,2,United States,9,2017
Shaylyn,Takle,$2162.61,Brazil,2,Brazil,4,2022
Allegra,Edden,$3783.91,Brazil,2,Peru,10,2022
Ginevra,Casburn,$4911.25,Brazil,2,Brazil,3,2023
Thomasine,,$2248.08,,3,United States,5,2015
Marshal,Perkis,$4163.53,Brazil,3,United States,0,2019
Sandra,Fellnee,$2595.18,Brazil,3,Brazil,5,2023
Zondra,Tuckwood,$4949.69,Peru,0,Chile,9,2018
Nicolis,Hrycek,$4420.89,Brazil,1,Brazil,4,2016
Ole,Coffin,$1328.41,Brazil,0,Italy,2,2018
Mamie,Lailey,$3522.64,Brazil,,,10,2015
Jarred,Mugridge,$4551.55,Brazil,2,United States,6,2019
Ammamaria,Kearley,$4926.45,United States,2,Brazil,10,2016
Noah,Haizelden,$2575.07,Brazil,,,4,2020
Tove,Goford,$3937.73,Brazil,2,United States,6,2015
Fabe,Lishman,$1807.24,United States,3,Brazil,10,2016
Kelsey,Ickowics,$4565.27,Costa Rica,0,Brazil,10,2018
Caro,Fillan,$4967.34,Brazil,0,Brazil,6,2021
Briana,Pembridge,$3288.24,United States,3,Costa Rica,8,2022
,Palister,$4189.63,Brazil,0,Brazil,0,2019
Molly,Shrimptone,$3126.88,Brazil,2,Peru,4,2021
Ferdinanda,Sandison,$2129.49,Brazil,1,United States,3,2022
Barney,Tabner,$3917.52,Peru,2,Brazil,1,2019
Belita,Stonuary,$1669.42,United States,3,Brazil,9,2015
Archibald,Persent,$2860.25,United States,0,Brazil,0,2022
Dal,Leipoldt,$1458.43,Brazil,0,Brazil,8,2022
Berti,MacLoughlin,$1927.55,United States,0,United States,2,2022
Prescott,Lamb-shine,$1319.53,Brazil,1,Brazil,6,2022
Elysia,Vondrach,$2338.99,United States,3,Brazil,0,2017
Leola,Caldecot,$3673.05,Brazil,3,United States,3,2018
Lara,Mitchinson,$2738.86,Peru,0,Brazil,8,2022
Karlyn,Benedick,$4272.42,United States,1,Costa Rica,3,2022
Raimondo,Olexa,$4386.13,United States,2,Peru,6,2015
Sydney,Sandwick,$2548.57,Brazil,,,3,2021
Netti,Sallowaye,$3013.48,United States,1,Australia,7,2023
Abey,McGiff,$4791.80,Peru,1,Peru,7,2023
Spense,Penticost,$2667.45,Peru,3,Brazil,3,2015
Ralf,Waye,$1947.81,United States,2,Peru,2,2022
Callean,Crose,$3970.07,Brazil,0,Brazil,1,2023
Ashlee,Littrick,$2672.21,Brazil,3,United States,0,2019
Angie,Dexter,$3490.86,Peru,3,Brazil,1,2023
Noelle,Headech,$4915.35,Peru,1,United States,7,2023
Nickie,Ridsdole,$1820.47,Brazil,0,United States,5,2023
Gothart,O' Hern,$3250.08,Brazil,1,Brazil,4,2021
Karlotte,Lorand,$2769.66,United States,2,Brazil,7,2022
Hope,Dodshun,$3855.68,Brazil,0,Brazil,10,2020
Evelin,,$1982.70,,1,United States,1,2016
Amie,Merrill,$2298.66,Brazil,1,Peru,7,2017
Alikee,Marishenko,$3533.56,Brazil,3,Australia,8,2015
Cahra,Pillinger,$1154.14,Peru,2,Peru,6,2016
Greggory,Ishaki,$4659.34,Brazil,1,Peru,5,2021
Lynne,Lewson,$1590.36,Brazil,3,Brazil,2,2022
Kris,Cobello,$3746.49,Brazil,1,Brazil,7,2019
Guenevere,Neeves,$1044.84,Brazil,3,Brazil,2,2019
Robyn,Thurlbourne,$1310.94,Peru,0,Costa Rica,0,2018
Carlene,Simonite,$3327.05,United States,2,Peru,9,2022
Oralee,Clurow,$2770.31,Brazil,2,United States,7,2020
Rea,Pegrum,$1440.24,Peru,2,United States,10,2015
Salomon,Oloshkin,$2741.68,Costa Rica,,,0,2023
Travis,Al Hirsi,$2491.73,Peru,2,United States,6,2017
Wood,,$4311.95,,,,5,2023
Juliann,Deverall,$3617.45,Peru,0,Brazil,10,2022
Al,Cundy,$3719.13,Costa Rica,0,Brazil,0,2023
Leland,Ondrus,$1080.27,Peru,,,4,2015
,Barber,$3710.97,Brazil,0,Brazil,1,2018
Andreas,Midlane,$1236.84,Brazil,3,Peru,4,2018
Waldon,McMeekin,$2286.27,United States,2,Peru,9,2022
Lawry,Guyer,$4930.51,Brazil,3,United States,10,2015
Boot,Thuillier,$4868.15,United States,1,United States,7,2015
Lavena,Ratlee,$4730.59,Costa Rica,0,Brazil,9,2021
Artemus,De Malchar,$2364.33,Brazil,,,5,2016
Laina,Rodgman,$1191.94,United States,1,United States,3,2023
Tallou,Aubri,$1514.98,Peru,3,Chile,10,2023
Odey,Hollow,$3429.45,Peru,0,Brazil,8,2021
Oralia,,$4470.80,,1,Brazil,1,2018
Shena,Huncote,$1850.24,Brazil,1,United States,1,2019
Mayer,Spikeings,$4724.24,Peru,2,Peru,9,2019
Melisa,Corsham,$1418.06,Peru,0,Brazil,0,2019
Randi,Hinkensen,$2760.07,United States,2,United States,4,2023
Kareem,Rowlett,$4950.30,Brazil,0,Brazil,2,2015
Leighton,Kasher,$2828.92,Brazil,1,Brazil,9,2018
Joanie,Ropking,$2647.81,Brazil,0,United States,6,2020
Ram,Pohling,$4650.40,Peru,0,Brazil,3,2023
Felix,Rizon,$4076.10,Costa Rica,2,United States,1,2017
Norman,McColl,$4706.69,Brazil,3,United States,5,2022
Farley,Blinckhorne,$2703.97,Brazil,0,United States,8,2017
Collette,Sephton,$1133.10,Peru,1,Peru,3,2019
Monah,Euels,$3977.26,Peru,3,United States,7,2019
Wileen,Olrenshaw,$1168.84,Costa Rica,0,United States,4,2018
Lane,Hodgon,$2292.96,United States,2,Brazil,10,2017
,Kloser,$3618.19,Brazil,0,Peru,1,2020
Ambrosius,Sokell,$1568.71,Costa Rica,1,Brazil,2,2023
Abigael,Merfin,$4310.47,Brazil,2,Brazil,1,2017
Costa,Lund,$2710.27,Brazil,0,Brazil,1,2018
Jerry,Geffinger,$1233.22,Brazil,2,United States,4,2018
Hilario,Lampel,$3440.71,Peru,1,Chile,4,2023
Eberto,Ucceli,$2025.86,Brazil,0,Peru,3,2018
Lydon,Wemes,$3698.75,Peru,0,United States,9,2021
Neddie,Houliston,$1329.92,Peru,2,Brazil,6,2021
Pren,Castlake,$1626.18,United States,0,Peru,2,2020
Lorena,De Meyer,$1882.65,Peru,1,Brazil,8,2022
Trip,Polino,$2520.51,United States,3,Brazil,3,2021
Maxie,Percy,$1202.61,Brazil,2,Brazil,3,2018
Julissa,,$2409.39,,2,Peru,1,2022
Kareem,McGirr,$1809.25,United States,3,Australia,9,2021
Myca,Kindley,$2235.43,Brazil,0,United States,2,2015
Verge,Celez,$1882.92,Peru,0,Brazil,5,2020
Clare,Bandiera,$4554.17,Brazil,0,United States,7,2022
Devonna,Caldaro,$4062.09,Brazil,2,Brazil,4,2019
Darwin,Padilla,$2909.51,Brazil,2,Peru,6,2020
Arch,Avrahamov,$3460.80,Brazil,3,Peru,7,2017
Rubina,Bartels-Ellis,$1223.38,Peru,1,Brazil,0,2020
Nicky,Dyzart,$3396.28,Costa Rica,1,Brazil,10,2016
Carolan,McCaughren,$1557.41,Peru,2,United States,2,2016
Lyndell,Hasker,$4254.53,United States,2,Brazil,2,2016
Bucky,Euston,$3069.76,Brazil,0,United States,7,2020
Ranice,Rome,$3534.85,United States,3,United States,3,2022
Dave,Siegertsz,$3027.12,United States,2,United States,2,2015
Crystie,Ludye,$3065.53,Brazil,3,Brazil,4,2023
Hermione,Lerwell,$3764.33,United States,0,Brazil,9,2022
Son,Simonutti,$4505.74,Brazil,1,Chile,0,2018
Ben,Pawellek,$1265.91,Brazil,2,Brazil,4,2015
Micheal,Chesley,$3138.31,Peru,0,United States,9,2023
Neely,Guerri,$2488.06,Australia,0,Brazil,8,2019
Norbert,Solomonides,$3181.36,Peru,2,Peru,5,2021
Fanya,Heaven,$2261.78,Brazil,3,United States,1,2016
Mab,Babidge,$3242.39,United States,3,Brazil,10,2020
Magdalena,Andrasch,$4718.06,Peru,1,Brazil,7,2022
Kimberlyn,Corke,$4916.48,United States,3,United States,9,2018
Emmi,Farans,$2993.76,Brazil,3,United States,0,2022
Karia,O'Loughlin,$3392.51,Brazil,,,7,2022
Hedda,Meanwell,$3197.47,Brazil,1,Brazil,1,2021
Crichton,Wingfield,$4986.97,Peru,3,Peru,1,2020
Jeanette,Topping,$3034.78,United States,1,Peru,2,2017
Tedra,Brouard,$1111.11,Brazil,2,Brazil,5,2021
,Heamus,$2280.55,United States,3,Brazil,3,2015
Nickey,Brozsset,$1713.93,Peru,0,Australia,3,2023
Sarene,Humpherson,$3497.34,Brazil,3,Brazil,1,2017
Gilly,Nelane,$2325.60,Brazil,3,Brazil,3,2015
Weidar,Tomicki,$1537.67,Australia,0,Brazil,6,2016
Korie,Tissier,$3202.68,Brazil,2,Brazil,10,2022
Isaac,Towersey,$4256.05,Brazil,1,Brazil,8,2020
Nessi,Fakes,$1880.69,Brazil,2,Peru,2,2016
Emmalee,Kingaby,$2779.15,Brazil,0,Brazil,3,2020
Wood,Piechnik,$1307.59,Brazil,2,United States,5,2021
Tatiania,Leynham,$2864.06,Brazil,3,United States,7,2017
Delmore,Dymick,$2811.84,Peru,2,United States,9,2016
Monah,Mitchelmore,$2500.39,Peru,0,Peru,8,2021
Berti,Moloney,$2834.61,United States,2,Peru,1,2020
Morton,McCloughen,$3648.82,Costa Rica,2,Brazil,5,2021
Miof mela,Brazear,$4224.07,Brazil,,,6,2022
Drusy,Lownie,$4766.77,Brazil,0,Brazil,2,2015
Bernadina,Marconi,$2571.91,Brazil,0,United States,3,2018
Rozele,Clemmitt,$1697.18,Brazil,2,Brazil,0,2021
Daren,Maypother,$4966.41,Peru,0,Brazil,4,2023
Tommie,Chedgey,$1115.52,Brazil,0,Peru,6,2019
Tamara,Claiden,$4731.19,Brazil,2,Brazil,0,2023
Trude,Hendrick,$4998.28,Brazil,0,United States,6,2016
Ofelia,Amos,$1263.01,Brazil,3,Brazil,3,2017
Jacqui,Knutton,$1410.45,Brazil,1,Brazil,5,2015
Ede,Gladbach,$3253.11,Brazil,0,Peru,1,2016
Barris,Lorraway,$2865.16,Brazil,0,Brazil,10,2022
Liana,Arnaez,$1437.43,United States,2,United States,8,2022
Aristotle,Jahnke,$1999.08,Brazil,0,Brazil,10,2020
Tris,Antonoyev,$1701.25,United States,2,United States,1,2018
Amargo,Lehemann,$3171.51,United States,3,Peru,4,2016
Arlina,Bavister,$2754.75,Peru,1,Costa Rica,1,2018
Luise,Croysdale,$1840.37,Brazil,3,Brazil,6,2018
Anderea,Mosedall,$2684.54,Brazil,2,United States,4,2016
Boothe,Backen,$1005.75,United States,1,Brazil,1,2023
Lorettalorna,Bamlet,$2986.40,Peru,2,Brazil,7,2018
,Hessel,$4102.76,United States,1,Peru,3,2015
Beilul,Beatey,$1761.25,Brazil,0,Peru,4,2020
Obidiah,Leaton,$3925.53,Brazil,2,Brazil,5,2018
Obadiah,Harris,$2152.62,Peru,3,Brazil,8,2019
Shirleen,Heddan,$2410.04,Brazil,1,Brazil,9,2016
Vasili,Hanlon,$2586.49,United States,0,Brazil,0,2021
Ben,Lawrey,$4659.93,Brazil,0,Brazil,1,2016
Nataline,Walkinshaw,$4972.27,Peru,0,United States,6,2016
Malanie,Rylance,$2063.25,Brazil,3,Brazil,5,2016
Emeline,Massen,$4208.13,United States,3,Brazil,10,2015
Maressa,Adolf,$4714.13,Brazil,0,Brazil,2,2018
Witty,Duesberry,$1568.65,Brazil,3,Brazil,8,2017
Arman,Pidwell,$4430.22,Peru,0,United States,3,2015
Daniele,Mazillius,$2558.50,United States,2,Peru,4,2020
Sheela,Anglin,$3935.03,Brazil,1,Brazil,4,2018
Town,Roxbrough,$1612.10,Brazil,1,Brazil,8,2017
Consuela,Goodsall,$2290.25,Brazil,0,United States,7,2017
Shaughn,Blaine,$2956.84,Peru,2,United States,0,2023
Tremayne,Gliddon,$4848.17,Brazil,0,Brazil,6,2022
Thia,Messer,$3864.32,Brazil,0,Brazil,2,2015
Rosanna,Whittet,$1107.57,Brazil,3,Brazil,6,2020
Barby,Bilbee,$1158.31,Brazil,0,Brazil,3,2016
Ab,Hailston,$2675.99,United States,2,Peru,10,2020
Salem,Goggen,$2746.63,United States,0,United States,7,2018
Barnaby,Newlin,$3965.29,Peru,0,Brazil,3,2020
Gilemette,Foulis,$4863.81,Brazil,2,Brazil,6,2017
Haslett,Revance,$4635.79,Brazil,3,United States,4,2017
Willdon,Ciccottini,$3169.38,United States,2,United States,1,2016
Agnola,Firbank,$1172.52,Brazil,0,Chile,2,2017
Drona,Arnout,$1136.40,Peru,2,Brazil,2,2023
Anderea,Caldecutt,$4907.73,Peru,3,Brazil,5,2021
Agnes,Digan,$4218.12,United States,3,Brazil,6,2022
Ophelie,Falco,$3202.85,Costa Rica,1,United States,0,2019
Averil,Smoth,$3499.55,Peru,,,8,2021
Jean,Pye,$2283.99,Brazil,3,Brazil,0,2019
Stormie,Gulc,$3568.78,United States,3,Chile,10,2020
Benedicto,Campion,$2541.25,Peru,1,Brazil,0,2017
Roberto,Winstone,$1063.26,Brazil,,,10,2018
Ameline,Calbreath,$1217.01,Brazil,1,Brazil,6,2015
Pascal,Collicott,$4804.22,United States,,,6,2016
Bruis,Berthel,$3580.81,Brazil,3,United States,0,2017
Kacey,Este,$4565.71,United States,2,United States,8,2015
Gilberto,Simoes,$1532.90,United States,2,Brazil,5,2023
Eduardo,Points,$4055.56,Peru,2,Brazil,2,2017
Fran,Smallacombe,$3345.23,United States,,,9,2022
Stirling,Longmaid,$4376.14,Peru,2,Brazil,6,2017
Kip,Renihan,$4123.42,Peru,0,United States,9,2020
Aila,Kyneton,$3716.36,United States,1,Brazil,0,2019
,Tregidga,$1096.46,Brazil,2,United States,2,2015
Rubi,Chopy,$1016.73,Brazil,,,10,2015
Terence,,$1939.14,,2,United States,6,2022
Caren,Diss,$1418.93,Brazil,2,United States,10,2022
Daisi,MacKibbon,$2839.52,Brazil,3,Peru,4,2020
Erich,Phuprate,$1858.57,United States,3,United States,5,2022
Alleyn,Shearer,$3145.04,United States,1,Peru,6,2023
Jonathan,Ivannikov,$1134.10,Costa Rica,1,Brazil,7,2015
Remy,Lafford,$1650.61,Peru,0,Brazil,2,2022
Gayleen,Jerrard,$1514.04,Brazil,0,Brazil,0,2022
Benjamen,Dable,$4839.54,United States,,,3,2021
Diane,Jenkerson,$1616.87,Brazil,1,Chile,4,2023
Paule,Marages,$4197.34,Brazil,0,Brazil,2,2016
Clio,Rizzelli,$3539.60,Peru,2,United States,3,2021
Marijn,Dayment,$4887.85,Peru,0,Peru,10,2018
Harriette,Jeschner,$2399.06,United States,2,Peru,7,2017
Patricio,Beniesh,$4377.61,Brazil,1,United States,0,2023
Merle,Simeonov,$1698.97,United States,0,Brazil,10,2017
Jerrome,Venner,$1337.59,Brazil,2,Brazil,3,2016
Sascha,Prestney,$4946.52,Brazil,2,Brazil,8,2023
Alfi,Hysom,$4515.11,Brazil,1,United States,3,2016
Monah,Kenwright,$3221.51,Peru,0,Brazil,3,2016
Mady,Borsay,$3559.84,Brazil,0,Brazil,8,2015
Hagan,Petrakov,$3520.48,Brazil,3,Costa Rica,2,2018
Dominique,Reuble,$1729.70,Brazil,0,Costa Rica,5,2019
Joanie,Vayne,$2541.58,Brazil,0,Chile,10,2017
Caril,Broszkiewicz,$4617.23,United States,0,Brazil,1,2023
Peyton,McKew,$1299.66,Brazil,2,Brazil,7,2021
Celestine,Rash,$1502.15,Brazil,3,Brazil,10,2015
Denver,Botterman,$1651.02,Brazil,2,Brazil,1,2019
Edsel,Egger,$4623.53,Brazil,0,Brazil,5,2021
Shirlee,Issacson,$4624.32,United States,2,Peru,9,2015
Sabrina,Van der Beken,$2893.95,Peru,0,Brazil,9,2017
Allyce,Bendik,$1114.60,United States,0,United States,9,2015
,Arnson,$1834.61,Peru,1,United States,10,2020
Mallory,Francesch,$1561.96,Peru,2,United States,3,2017
Obie,Friedman,$3872.66,Brazil,2,Brazil,7,2023
Tanny,Rickis,$4761.96,United States,1,Brazil,7,2020
Evania,Winsbury,$4780.86,Brazil,2,Brazil,6,2015
Ralph,Penhalewick,$1369.38,Brazil,1,United States,1,2020
Hermione,Ollivier,$3093.36,Brazil,3,Brazil,10,2017
Sylvia,Leghorn,$4974.37,Brazil,1,Brazil,3,2021
Eduardo,Caveill,$4954.53,Brazil,0,Brazil,6,2020
Nobe,Robatham,$4397.93,Peru,2,Brazil,0,2023
Corry,Ventum,$4496.87,United States,3,Brazil,3,2015
Joelly,Praundlin,$3315.37,Brazil,0,Peru,9,2018
Malina,Tonn,$1683.61,Peru,3,Italy,8,2015
Robinet,Babcock,$3991.07,United States,,,6,2017
Wayne,Mullane,$4351.27,United States,,,4,2017
Renae,Pieters,$4008.16,Peru,2,Brazil,10,2018
Lek,Brazel,$3487.27,Brazil,0,Brazil,2,2022
Toinette,Sarra,$2166.40,United States,3,Brazil,10,2021
Bertrando,Sandell,$2481.38,United States,2,Costa Rica,7,2016
Christian,Forcade,$1845.29,Brazil,2,Chile,8,2023
Amaleta,Tiebe,$1769.83,Costa Rica,0,United States,8,2021
Melisandra,Mawson,$3870.90,United States,2,Brazil,6,2021
Eward,Giorgetti,$2125.91,United States,3,Peru,3,2019
Lou,Dempsey,$2023.63,Brazil,1,United States,9,2021
Quintilla,Noddle,$4766.80,Brazil,3,Brazil,3,2015
Pippy,Slack,$1034.88,Brazil,0,Brazil,6,2021
Guthrey,Kubasiewicz,$4962.17,United States,3,Peru,10,2017
Lisha,Wybrew,$3421.64,Brazil,1,Peru,10,2019
Cherry,Fylan,$2961.12,Brazil,2,Brazil,8,2017
,Conachie,$4768.05,Brazil,2,Peru,2,2016
Abran,Stebbing,$4940.13,Brazil,3,Peru,6,2015
Desirae,McWaters,$1400.76,United States,0,United States,1,2021
Darill,Yude,$1933.24,United States,1,United States,5,2021
Agace,,$1712.63,,2,United States,6,2021
Keary,Pitcock,$1462.39,Peru,3,Brazil,4,2017
Doris,Madelin,$3102.14,Brazil,0,United States,8,2022
Alix,Cleworth,$3758.07,Peru,2,Brazil,8,2019
Halie,Jozwik,$1066.31,United States,3,Peru,9,2018
Humphrey,Naper,$1841.67,Brazil,0,Brazil,2,2022
Town,Mabbot,$2474.53,Brazil,1,Costa Rica,5,2017
Markos,Fancourt,$1724.65,Brazil,1,Brazil,4,2016
Hollie,Dewey,$1806.33,Brazil,0,United States,4,2023
Katie,Duval,$2703.42,Brazil,,,6,2016
Opalina,Varns,$2011.81,United States,3,Peru,10,2019
Rubina,Gratrix,$4092.57,Brazil,0,Brazil,6,2017
Blair,Kenyon,$2443.67,United States,3,Brazil,3,2015
Harman,Brosius,$1903.05,Brazil,0,Costa Rica,0,2022
Pepillo,Cordier,$2328.64,United States,2,United States,0,2015
Velma,Melley,$3354.22,Brazil,3,Italy,2,2020
Felizio,Livingstone,$1195.21,United States,1,Peru,3,2019
Kirbie,Studdal,$2763.14,United States,3,Brazil,5,2017
Waite,Nerne,$2601.24,Brazil,0,Brazil,9,2015
Hettie,,$3065.69,,0,Chile,4,2015
Francesco,Steketee,$2208.25,Peru,2,Brazil,10,2018
Jonie,Loadwick,$4484.58,Australia,2,Peru,10,2023
Ferdinand,Bunstone,$3609.42,Brazil,2,Brazil,5,2021
Diane-marie,McCritchie,$3103.28,United States,0,Peru,8,2022
Valdemar,MacGinley,$2377.62,Peru,,,1,2017
Rebekkah,Schnitter,$1147.50,Brazil,2,Brazil,6,2015
Abbie,Benning,$4812.97,Peru,2,United States,7,2023
Ardisj,Christensen,$2061.42,Brazil,2,United States,1,2023
Alfie,Alston,$2975.61,Brazil,3,United States,10,2019
Jessey,Soar,$4043.83,Brazil,1,Brazil,4,2018
Rubina,Potapczuk,$4225.00,United States,0,Brazil,5,2015
Broderic,Krauss,$3115.21,Brazil,0,Brazil,2,2015
Gaile,Such,$4044.45,United States,3,Brazil,2,2018
Pierce,Arnot,$1915.85,Brazil,2,United States,1,2021
Darrel,Hickinbottom,$1435.43,Brazil,1,United States,4,2017
Blakelee,Crummie,$4964.38,Brazil,2,Brazil,3,2021
Dru,Allebone,$2392.29,United States,1,United States,7,2016
Jeanne,,$2038.77,,3,United States,8,2017
Darin,MacGiffin,$4420.80,Peru,2,Brazil,4,2021
Debora,Puleque,$2529.69,Brazil,3,Peru,6,2020
Raleigh,Exton,$3747.83,Brazil,,,6,2022
,Hubberstey,$1987.11,Brazil,,,0,2020
Shandee,Regnard,$3122.46,Brazil,0,Brazil,7,2022
Hastings,Wharf,$3321.95,United States,3,Chile,9,2023
Barbette,Cereceres,$4465.52,Peru,2,Peru,10,2021
Rene,Tobias,$2830.24,Peru,1,Peru,10,2015
Nariko,Angove,$4854.68,Peru,3,United States,8,2022
Randie,Tremellier,$3318.40,Peru,0,Brazil,8,2020
Dante,MacAscaidh,$3654.49,Peru,1,Italy,3,2018
Petey,Slocumb,$4361.37,Brazil,0,United States,10,2018
Meagan,Baffin,$2741.41,Peru,1,Peru,6,2017
Lowrance,,$3080.45,,3,Brazil,4,2023
Leslie,Warbey,$1822.91,United States,3,Brazil,0,2017
Gray,Hardison,$2602.58,United States,3,Peru,10,2020
Temple,Daynter,$2943.87,Brazil,2,Peru,6,2017
Lanny,Helder,$2587.28,United States,1,Peru,3,2020
Merrie,Mogie,$2118.91,United States,2,United States,2,2017
Libbi,,$1841.20,,1,Brazil,4,2022
Dion,Pear,$3752.47,Brazil,3,United States,6,2018
Dilly,Pudding,$1365.09,United States,2,Peru,4,2019
Kennedy,Robens,$3379.35,Brazil,2,Brazil,1,2016
Josefa,Ogilby,$4628.43,United States,0,Brazil,0,2022
Dyanne,Gotch,$3305.19,United States,,,6,2015
Sol,Pidduck,$4902.14,United States,0,United States,7,2022
Melonie,,$2708.62,,2,Brazil,4,2018
Geneva,Adamczewski,$1496.77,United States,3,Brazil,3,2023
Moritz,Crallan,$3883.08,United States,0,Brazil,6,2016
Ilise,Eldrett,$3226.23,Peru,2,United States,7,2020
Sue,O'Lennane,$1575.87,Peru,0,Peru,2,2021
Odille,Sherratt,$4222.73,Brazil,3,Brazil,2,2020
Tiertza,Butchart,$4090.51,Brazil,1,Peru,10,2015
Trevar,Sywell,$1648.98,Brazil,1,United States,7,2018
Zorina,Chell,$3623.61,Brazil,3,Brazil,4,2022
Rani,Sotworth,$2366.50,Brazil,2,Brazil,7,2015
Milena,Elliman,$4868.32,United States,1,United States,7,2017
Hakim,Ruste,$2391.82,United States,0,United States,8,2016
Farris,Lages,$4360.15,United States,3,Brazil,9,2016
Rob,Wainman,$2486.09,Peru,,,5,2023
Emelina,Dilgarno,$3299.24,United States,3,Chile,0,2020
Annalee,Walkey,$1081.32,Peru,1,Peru,9,2022
Kamilah,Stepney,$2896.64,Brazil,2,Brazil,5,2022
Nels,Steggles,$2991.80,Brazil,,,4,2020
Gareth,Simister,$3947.16,Brazil,2,Peru,4,2020
Austina,Vanne,$4041.28,Brazil,3,United States,9,2020
Gracie,Kuhnhardt,$3032.21,Peru,0,United States,8,2020
Isabelita,McHugh,$3678.69,Brazil,1,Peru,7,2022
Lauri,Trees,$4071.42,United States,0,United States,7,2019
Iseabal,Deguara,$1651.63,Peru,2,Italy,5,2015
Cindelyn,Ternault,$4823.08,Peru,2,Brazil,2,2020
Amerigo,Geroldo,$2301.90,United States,2,United States,4,2019
Georgianne,Poetz,$3655.61,Brazil,,,10,2022
,Pattison,$2543.78,United States,1,United States,4,2019
Luelle,Bein,$4098.03,United States,0,Brazil,4,2022
Barb,Brislen,$2897.76,Brazil,3,Brazil,8,2018
Minni,Bodman,$2869.67,Brazil,3,Brazil,2,2018
Buffy,Chittleburgh,$1437.81,Peru,1,United States,4,2019
Teodorico,Lovick,$3647.60,Brazil,2,Brazil,4,2022
Alica,,$3180.07,,0,United States,6,2016
Flinn,Craig,$4025.32,United States,0,Brazil,4,2019
Zuzana,Ferber,$4434.19,Brazil,2,United States,0,2015
Marlowe,Soots,$3973.13,Australia,2,Brazil,1,2022
Doroteya,Steutly,$2162.96,Brazil,2,Italy,1,2019
Salome,Poynor,$1681.37,Australia,2,Brazil,2,2021
Michaella,Seleway,$2621.00,United States,1,United States,10,2017
Sharon,Pirazzi,$4926.80,Brazil,2,Brazil,9,2022
Danette,Wilstead,$3834.59,Brazil,1,Brazil,1,2018
Joni,Gilhooley,$4144.60,Brazil,2,United States,4,2021
Chuck,Ernke,$4619.53,United States,0,Peru,3,2020
Millicent,Rames,$1065.66,Peru,3,Chile,0,2020
Catarina,O' Finan,$1485.94,Peru,2,Peru,3,2015
Robby,Dripp,$2873.12,Brazil,0,Peru,6,2021
Norry,Ridout,$4761.99,Brazil,0,Peru,4,2021
Teri,Battman,$4132.60,Brazil,3,Brazil,8,2016
Rhiamon,,$1640.03,,3,United States,10,2019
Petronia,Tulloch,$1035.52,Brazil,3,Brazil,8,2022
Monika,Dobbings,$4532.34,Brazil,1,Peru,2,2021
Iseabal,Whightman,$1675.10,Brazil,0,Brazil,1,2019
Noel,Goldsbury,$3963.40,United States,1,Brazil,7,2019
Eugenius,Klaaassen,$3316.66,Brazil,,,9,2017
Dan,Hutsby,$3019.79,Peru,0,United States,4,2015
Hy,Howsego,$3200.85,Brazil,2,Brazil,1,2021
Emelita,Davidow,$4748.83,Brazil,3,Brazil,6,2022
Carmina,Stendall,$2115.06,Peru,0,United States,4,2018
Cassie,Daddow,$2847.83,Brazil,0,Peru,5,2021
Orsa,Bramont,$3006.12,United States,1,United States,0,2017
Skyler,Tick,$4235.10,Brazil,2,Brazil,8,2022
Alexandre,Kidds,$1638.24,United States,0,United States,8,2015
Marje,Dykins,$2224.02,Brazil,2,Peru,10,2020
Leela,Rosten,$1750.81,Peru,3,Brazil,7,2018
Brendon,Strahan,$2765.42,United States,2,Chile,8,2022
Eli,Sewell,$4584.22,Peru,,,8,2020
Brinn,Eggar,$1610.78,Brazil,,,8,2018
Mozes,Rounsefull,$4295.32,Peru,3,Brazil,10,2018
Davine,Gheorghe,$3555.99,Brazil,2,Peru,7,2018
Tilly,Newcomb,$1720.66,Brazil,0,Brazil,10,2022
Christoph,,$2615.35,,0,Brazil,1,2023
Gena,Pilgram,$1714.80,United States,1,Peru,9,2017
Gennie,Sargent,$4171.16,Brazil,3,Brazil,7,2021
,Hellikes,$4921.80,Brazil,0,Peru,5,2016
Alonso,Smeall,$3327.49,United States,2,United States,4,2021
Chlo,Dax,$2528.05,Peru,2,United States,6,2016
Lowrance,Fedoronko,$2801.51,Brazil,3,Peru,2,2021
Dedra,Biskupski,$2473.96,United States,1,United States,5,2021
Ignacio,Housecraft,$1928.47,United States,2,Brazil,7,2020
Jory,Crosser,$1369.21,United States,3,Brazil,7,2023
Odetta,Middlemass,$1251.00,United States,0,Peru,7,2021
Curr,Pischof,$2351.84,Brazil,0,United States,1,2017
Clyde,Semerad,$2098.77,Brazil,1,Brazil,2,2022
Glory,Tilby,$1909.29,Costa Rica,0,Brazil,7,2017
Jilleen,Tripney,$1233.59,Brazil,3,Peru,7,2018
Prudi,Clint,$1369.24,Brazil,0,Peru,3,2021
Lonee,Oxer,$1512.06,Brazil,2,United States,0,2016
Joann,,$1454.76,,1,United States,6,2018
Lottie,Strand,$2553.93,Brazil,2,Peru,10,2021
Gerhardt,Wooller,$3852.35,Brazil,2,Chile,3,2015
Loni,Neaves,$4161.78,United States,0,Chile,1,2020
Ferdie,Prowse,$3411.41,Brazil,0,Brazil,3,2020
Kalie,Baert,$2545.90,Peru,1,Brazil,10,2018
Rora,Brooke,$4443.97,Peru,2,Peru,3,2023
Gray,Carr,$4741.58,Brazil,1,Chile,0,2020
Celina,Latan,$4071.88,Brazil,2,United States,5,2017
Frederica,Coultard,$4587.66,United States,3,United States,10,2019
Ellery,Gabler,$3165.75,Peru,3,Brazil,6,2017
Vida,Berardt,$1693.96,Peru,2,United States,9,2016
Kinsley,Dominka,$4225.30,Brazil,0,Brazil,0,2019
Torey,Crinidge,$4285.59,Brazil,2,United States,6,2016
Amargo,Broadbent,$3925.81,United States,0,Brazil,4,2020
Gabriel,Baulk,$1328.89,United States,0,Brazil,10,2022
Saunders,Durno,$3397.23,United States,3,United States,3,2015
Margaret,Schule,$3799.97,Brazil,1,Brazil,10,2017
Yanaton,Onele,$3656.22,Brazil,1,Brazil,1,2016
Ranice,Liddell,$1738.08,Brazil,3,Peru,6,2019
,Fenton,$3573.99,Brazil,2,United States,0,2017
Bartram,Phillip,$4309.29,Brazil,,,7,2019
Rosanne,Service,$1447.34,Brazil,1,United States,2,2019
Alyosha,Vaar,$1241.25,Brazil,2,Brazil,7,2016
Brenden,Green,$2069.38,Brazil,3,Peru,4,2019
Killy,Blasi,$3510.01,Costa Rica,3,Brazil,0,2021
Nicola,Sabberton,$2631.49,Peru,2,Peru,5,2022
Bonnie,Stuer,$4959.56,United States,,,0,2022
Ferrell,Hendrix,$3667.47,United States,1,Peru,0,2019
Damiano,McKenna,$1722.09,Brazil,1,Brazil,7,2020
Reeva,Featherstonhalgh,$3917.26,United States,1,United States,3,2023
Druci,Auton,$2588.93,Brazil,2,United States,10,2019
Nolie,Ridges,$1200.49,United States,,,2,2015
Crystie,Leonard,$1547.08,Brazil,3,Brazil,2,2020
Lissie,Gaddesby,$4750.44,Brazil,1,Brazil,9,2021
Thomasina,Antonsen,$3089.87,Peru,0,Brazil,5,2020
Cloe,Guilford,$2390.67,United States,3,Peru,4,2016
Pietrek,Girvin,$2759.26,Brazil,2,Brazil,8,2019
Gustave,Goodband,$1165.78,Brazil,3,United States,6,2019
Clarence,Sherington,$2997.41,Peru,0,United States,3,2016
Lindsey,Jiles,$3392.12,United States,2,United States,7,2020
Berti,Mongan,$2112.71,Brazil,,,5,2021
Dione,Leedes,$1854.33,United States,1,United States,4,2019
Allison,Piola,$3199.07,Brazil,1,Brazil,6,2019
Ronalda,Fletcher,$3551.76,Peru,3,Brazil,5,2015
Essa,Beardwood,$1120.09,Brazil,2,United States,7,2019
Dillon,Floris,$2322.26,United States,3,United States,10,2017
Lynsey,Sanderson,$2225.75,Peru,0,Brazil,2,2020
Caroljean,Dowsett,$3255.33,Australia,0,Chile,9,2017
Gibbie,Glowacki,$1017.30,Brazil,3,Brazil,3,2019
Frederique,Penticoot,$1662.65,Costa Rica,0,Costa Rica,7,2022
Biddy,Huddy,$1036.44,Brazil,,,9,2022
Leanna,Ferraron,$1250.57,Brazil,3,Brazil,2,2022
Constancy,Bugge,$1072.52,Brazil,1,Brazil,0,2020
Rossie,,$3094.02,,0,Peru,2,2021
Erica,,$4146.72,,0,Brazil,3,2018
Ellwood,Schnieder,$1920.59,Brazil,2,Brazil,7,2020
Tess,Splain,$2970.43,Brazil,3,Brazil,1,2021
Lauritz,Goozee,$2629.38,Brazil,2,Brazil,2,2019
Cynthie,Freestone,$4117.07,United States,1,Brazil,8,2020
Magdalen,Barnshaw,$3084.18,Brazil,0,United States,8,2020
Shannen,McGrotty,$1396.29,Peru,0,Brazil,10,2016
,Christofe,$4033.39,Brazil,2,Costa Rica,0,2021
Kirstyn,Beresfore,$3749.67,Brazil,0,United States,0,2018
Anetta,Loving,$4299.94,United States,1,Brazil,9,2016
Hernando,Grant,$4392.10,United States,3,Peru,8,2016
Jamima,Farnon,$3047.51,Brazil,0,United States,1,2019
Joel,Fitkin,$3235.84,United States,3,Brazil,2,2018
Ruthie,Hefferan,$4393.72,Peru,1,Peru,5,2021
Agnese,Antic,$4627.95,Peru,3,Brazil,9,2022
Darsie,Sultana,$4932.14,Brazil,1,United States,9,2020
Regen,Beek,$4735.14,Brazil,1,Peru,4,2020
Dorene,Fairbeard,$1989.99,Brazil,,,9,2020
Tremain,,$3323.29,,0,Brazil,10,2019
Washington,Fuke,$4284.58,Brazil,0,Brazil,10,2020
Aldo,Dimnage,$4047.59,Brazil,1,Peru,1,2017
Piotr,Lias,$3680.28,United States,0,Brazil,10,2015
Therine,Luter,$1269.60,United States,1,Brazil,6,2023
Philomena,Brawn,$3666.29,Peru,1,Brazil,4,2017
Monti,Stansbie,$1250.21,Brazil,3,Brazil,1,2019
Fallon,Boatright,$2568.63,United States,3,Peru,8,2016
Chev,Birbeck,$4951.01,United States,1,Peru,7,2023
Lynde,Cisco,$4455.16,Peru,1,Brazil,5,2015
Rori,Gudeman,$1163.88,Brazil,3,Peru,2,2016
Dolorita,Corah,$4816.54,Peru,1,Brazil,7,2021
Marji,Basilio,$1774.84,Brazil,2,Peru,1,2016
Amelina,Greenlies,$2104.61,Brazil,,,10,2015
Fonsie,Blundon,$4698.30,United States,1,Peru,10,2019
Phyllida,Walsh,$4145.32,United States,1,United States,4,2023
Sindee,Bate,$2151.43,United States,0,United States,7,2020
Karin,Farquhar,$4466.29,Brazil,2,Brazil,1,2023
Othilia,McWhirter,$3320.16,Brazil,3,Brazil,1,2018
Buck,Polsin,$1024.43,Brazil,1,Brazil,0,2023
Morgun,Blitzer,$1833.87,Brazil,1,Brazil,7,2020
Daniele,Gherardini,$3194.67,Peru,0,Brazil,0,2019
Nelia,Lohering,$3086.05,Brazil,3,Brazil,5,2020
Bucky,McClay,$1182.13,United States,1,United States,5,2017
Balduin,Jonson,$1362.37,Brazil,2,Chile,7,2015
Gwen,Livings,$3689.15,Brazil,1,United States,6,2016
Roman,Frier,$4861.94,Brazil,,,9,2021
Barbara,Selcraig,$2926.10,Peru,3,Brazil,7,2016
Roderich,Sherme,$1785.38,Brazil,0,Italy,3,2023
,Stratford,$3203.59,Peru,3,Brazil,4,2018
Regen,Bailiss,$2854.50,Brazil,,,6,2019
Robinson,Muehle,$3954.74,Costa Rica,1,Brazil,8,2015
Husain,Trythall,$2860.13,Brazil,3,Peru,10,2022
Ervin,Clute,$1422.46,Brazil,3,Brazil,2,2018
Harriot,Curran,$4245.43,Peru,3,Brazil,7,2020
Mona,Roggers,$2911.23,Brazil,3,Chile,0,2017
Judah,Hightown,$3186.01,Brazil,3,Brazil,5,2023
Jami,Saffer,$4680.82,Brazil,3,United States,2,2020
Florina,Cars,$4254.84,Brazil,,,7,2023
Kipper,Shorto,$2272.20,Brazil,1,Brazil,4,2016
Fredia,Euston,$2420.23,Peru,0,United States,2,2022
Yance,Jan,$4952.19,Brazil,3,Peru,0,2016
Aline,,$2792.77,,0,Brazil,2,2016
Mara,Stuehmeyer,$2243.48,Brazil,2,Brazil,4,2022
Bradford,Lenton,$4207.22,Brazil,,,10,2023
Derrick,Jewis,$1696.26,Brazil,1,Peru,7,2017
Chuck,Goakes,$1457.79,United States,0,Peru,10,2020
Cyrus,Kershaw,$4554.61,Brazil,3,Peru,2,2021
Claudette,Wain,$4924.39,United States,2,Peru,9,2015
Ailee,Royal,$1608.57,United States,3,Brazil,7,2017
Archaimbaud,Chilcott,$1526.02,United States,0,United States,2,2020
Rogerio,Lanchester,$3112.83,Peru,3,Brazil,6,2017
Joelly,Whatford,$4995.57,United States,0,United States,9,2021
Karel,Turbefield,$3464.28,Peru,3,United States,0,2022
Flin,Croote,$1191.62,Peru,1,Brazil,9,2020
Zilvia,Dundridge,$4593.37,Peru,0,United States,10,2020
Lynn,,$3327.15,,1,Brazil,8,2022
Nelia,Potkin,$4040.57,Brazil,2,Peru,2,2015
Daniel,Soeiro,$2208.60,Costa Rica,3,United States,4,2021
Britni,O'Corrin,$4499.40,United States,2,Australia,5,2018
Cedric,Charles,$3388.52,Brazil,0,Brazil,7,2022
Lorene,Sacchetti,$2804.45,United States,1,United States,3,2015
Niall,Serman,$1955.40,Brazil,1,United States,3,2017
Catherine,Ball,$2563.81,Costa Rica,0,Brazil,9,2021
Carline,Parzizek,$3407.04,United States,3,Peru,8,2019
Griffy,Couve,$4626.46,United States,0,United States,1,2023
Allegra,,$2490.97,,2,Brazil,10,2019
Gaylor,Dows,$1968.88,Peru,1,Brazil,7,2015
Fair,Longmaid,$1903.64,Peru,2,Peru,10,2021
Rhea,Cater,$4886.65,Peru,1,Italy,9,2016
Clemmie,De La Coste,$1542.80,Brazil,0,Costa Rica,5,2016
Kleon,Norssister,$1581.23,Brazil,1,United States,5,2023
Randene,Reichert,$2336.10,Brazil,3,Brazil,5,2021
Adel,Lope,$2617.56,United States,3,Peru,3,2019
,McIlreavy,$4890.22,United States,0,Brazil,9,2020
Saidee,,$3784.58,,0,Brazil,5,2015
Darsey,Godly,$2068.30,Brazil,1,Brazil,0,2018
Lyon,Lonie,$2228.76,United States,3,Brazil,1,2021
Jackelyn,Swanton,$3533.54,United States,0,Brazil,6,2016
Ethelin,Glazebrook,$1316.52,Brazil,0,Peru,5,2015
Jaclyn,Casali,$3660.78,United States,0,Brazil,6,2021
Moore,Dinneges,$3115.16,Costa Rica,3,Brazil,8,2019
Hadleigh,Esselin,$2035.35,Brazil,0,Brazil,3,2019
Robb,Pinckney,$2195.46,Costa Rica,0,United States,6,2018
Teresita,Lilford,$4985.76,Brazil,3,Peru,4,2019
Had,Zimmer,$3991.26,Brazil,3,United States,0,2020
Steffi,Nealand,$4728.17,Brazil,1,United States,8,2016
Minda,Galier,$3833.49,United States,2,Peru,5,2019
Rosanne,,$2107.58,,1,United States,3,2023
Isidora,Trewin,$2150.79,Brazil,2,Brazil,1,2023
Nina,Allabarton,$1819.73,Peru,1,Peru,7,2018
Linet,Crocumbe,$1666.70,Brazil,3,Italy,4,2018
Loleta,Key,$1472.08,Brazil,1,Brazil,1,2017
Renata,Leathlay,$3814.57,Brazil,2,Peru,6,2015
Theresita,Chatenier,$2958.09,Brazil,3,United States,10,2015
Ethelind,Sponton,$3823.91,Brazil,0,Brazil,10,2020
Bale,Marchelli,$1848.22,Brazil,0,Brazil,3,2016
Eb,Kermannes,$3277.37,Brazil,3,Brazil,1,2015
Barnie,Sigg,$4098.92,Peru,2,Brazil,1,2021
Cory,Drewet,$4501.75,United States,3,United States,1,2023
Blakeley,Sarah,$1697.85,Brazil,2,United States,8,2018
Spence,Stitwell,$4399.23,United States,1,Australia,9,2023
Hinze,Dorkins,$1587.85,Brazil,0,United States,10,2020
Bradan,Klaves,$4629.52,Brazil,2,Brazil,1,2019
Trude,Ahrendsen,$3682.31,Brazil,2,Brazil,6,2023
Estevan,Stormonth,$4077.03,Brazil,1,Brazil,10,2021
Elyssa,,$2285.65,,0,Brazil,2,2017
Frazier,Vasechkin,$2536.83,Brazil,3,Italy,4,2020
Meade,Duignan,$4477.01,Brazil,2,Chile,1,2022
Ryan,Allatt,$1543.28,United States,1,United States,7,2021
Noe,Beadnall,$2947.88,Brazil,1,United States,1,2019
Skye,Pykerman,$2806.08,United States,,,3,2022
Doralynne,Miklem,$2821.51,United States,,,7,2018
Mara,Scamadin,$2886.30,Peru,2,Brazil,7,2015
Dev,Makeswell,$3673.39,Brazil,0,Brazil,3,2022
Sterling,Moden,$2683.29,United States,2,Peru,9,2015
Hardy,Olanda,$3379.50,Brazil,3,Brazil,1,2016
Pacorro,Fairest,$3631.54,United States,2,United States,6,2019
,Clayworth,$1662.49,Brazil,3,Brazil,9,2018
Nelli,Beining,$1148.18,Peru,2,Brazil,10,2015
Brion,Greene,$1780.44,Brazil,0,Brazil,2,2018
Zorine,Foresight,$2486.10,Brazil,,,9,2019
Karia,Allabarton,$1890.30,United States,3,United States,9,2022
Hephzibah,Poli,$1074.02,Brazil,3,Peru,10,2021
Nicola,Teasell,$3581.13,Brazil,3,Peru,10,2016
Garry,Smedmoor,$4028.85,Brazil,,,1,2023
Keen,Lindenstrauss,$3926.95,Brazil,1,Brazil,1,2023
Datha,MacVicar,$1423.52,United States,1,Brazil,5,2015
Jodie,Ketteringham,$1742.11,United States,0,Brazil,3,2019
Jessey,Towne,$2397.04,Peru,0,United States,5,2021
Penelope,Stolli,$1570.28,Brazil,3,Brazil,9,2019
Monro,Trim,$2614.84,Brazil,1,United States,2,2023
Genia,Clissold,$1393.82,Brazil,2,Brazil,2,2018
Mattias,Stanes,$3300.35,United States,3,United States,1,2019
Misti,Voisey,$3135.88,Brazil,2,Brazil,4,2022
Horacio,Kobera,$4979.46,Brazil,3,Brazil,6,2020
Eugene,Harcase,$3758.70,Brazil,3,Peru,2,2020
Rudolf,Carmen,$3533.97,Brazil,1,Peru,1,2022
Pascal,Holtham,$2888.44,Brazil,3,Peru,2,2021
Griffin,Albasini,$2754.51,Brazil,3,Brazil,5,2015
Fredia,Sudworth,$4578.12,Brazil,1,Brazil,5,2018
Crystie,Duguid,$1374.44,Brazil,2,Brazil,0,2023
Verina,Hindrick,$1252.77,Peru,2,United States,9,2018
Flor,De Bernardis,$2822.64,Brazil,2,Chile,6,2016
Nicolea,Huygen,$3258.81,Brazil,0,Brazil,3,2019
Jacquelyn,O'Sheilds,$1106.31,Brazil,2,Peru,2,2020
Ilyse,Tarzey,$1887.49,United States,3,Brazil,0,2023
Ulysses,Oldridge,$3385.41,Costa Rica,0,Brazil,0,2018
Nadiya,Kiss,$2348.21,Brazil,,,0,2017
Alaine,Meatyard,$2002.66,Peru,3,United States,5,2018
Patricia,Winward,$4209.79,Costa Rica,0,United States,7,2016
Norina,Coonan,$4347.04,United States,2,United States,3,2019
Manuel,,$3866.30,,2,Peru,10,2018
Amity,Adlard,$2863.47,Brazil,0,Peru,0,2015
Jilleen,Jansie,$4376.41,Costa Rica,3,United States,10,2015
Hillyer,Jennick,$2839.94,United States,1,United States,10,2022
Mona,Hischke,$4368.06,United States,3,Italy,0,2020
Celestina,Tumbelty,$2264.11,United States,2,United States,6,2016
,Donnan,$3929.11,Brazil,1,Peru,0,2020
Guenna,Faldo,$2927.20,Peru,0,Peru,1,2015
Flossi,,$1430.38,,3,Brazil,7,2019
Mortimer,Justun,$1096.79,Brazil,1,Brazil,3,2015
Renie,Hazeldene,$1560.28,Brazil,,,6,2019
Corine,Trevaskis,$4148.55,Brazil,,,5,2023
Natal,Choat,$2939.22,United States,0,Brazil,0,2016
Ambur,Bebbington,$2133.22,Brazil,0,Australia,6,2023
Reinaldos,Kingzett,$2099.52,Brazil,3,Brazil,2,2015
Truda,Bousquet,$1774.85,Brazil,2,United States,4,2016
Conny,Rump,$2994.66,Peru,2,Brazil,10,2016
Hildegaard,McCracken,$3880.53,Brazil,0,Brazil,9,2016
Carney,Hurle,$3498.77,Peru,3,Chile,6,2022
Pauletta,Prebble,$2885.31,Australia,2,Peru,0,2019
Jordan,Carl,$2628.48,Brazil,1,Brazil,1,2020
Angelique,Giriardelli,$2917.70,United States,2,Australia,1,2019
Goddart,Romagnosi,$1978.62,Peru,1,Brazil,8,2018
Kristoffer,Bursnoll,$1536.24,United States,2,Brazil,1,2017
Abbe,Jeandel,$4791.64,United States,3,United States,8,2021
Perrine,Gummow,$3924.91,Peru,3,Italy,7,2021
Drucie,Caldecourt,$4502.54,Brazil,1,United States,3,2015
Randa,Sancias,$1006.45,Brazil,3,United States,4,2022
Welsh,Whyffen,$1384.99,Brazil,3,Brazil,5,2021
Judd,McGannon,$1826.97,United States,2,Brazil,3,2017
Giovanni,Le Provost,$2346.09,Peru,1,United States,1,2019
Annissa,Rawdall,$4703.95,Brazil,2,United States,4,2015
Cletus,Duerdin,$4420.88,United States,0,Brazil,4,2015
Susanne,Jeaneau,$4104.31,Peru,0,Brazil,0,2020
Grant,Cornwell,$2597.01,Brazil,1,United States,3,2021
Asa,Cholmondeley,$4612.18,Brazil,0,United States,8,2019
Odey,Schwanden,$4652.08,Peru,1,Brazil,3,2021
Alberto,Hellard,$3129.68,Peru,3,Peru,2,2015
Evvy,Rusk,$4746.39,Brazil,0,Chile,1,2019
Del,Cuxon,$3105.90,United States,2,Peru,10,2018
Amble,Dossett,$2317.91,Brazil,2,United States,8,2022
Elysee,Kentish,$2149.04,Peru,0,Brazil,0,2018
,Sayward,$4193.36,Brazil,1,Chile,5,2015
Claire,Laker,$1934.44,Brazil,2,Peru,4,2020
Nicky,Lydster,$3890.57,United States,3,Peru,2,2022
Kirbee,Kettridge,$4330.89,Brazil,1,Brazil,9,2023
Oswald,Cowley,$2930.05,Brazil,2,Brazil,6,2017
Ellsworth,Hens,$4759.27,Brazil,0,Brazil,10,2018
Winfred,Furlow,$3562.55,Brazil,3,United States,1,2018
Pavla,Millan,$3736.44,Peru,1,Brazil,7,2018
Toinette,Corn,$2899.47,Peru,0,United States,5,2020
Grete,de Pinna,$4532.57,Brazil,3,Brazil,10,2016
Kym,Gainforth,$4118.13,United States,1,United States,2,2019
Molli,Fudger,$2971.32,Brazil,0,Brazil,6,2023
Merwyn,Threadgould,$1460.45,Brazil,3,United States,4,2019
Myrilla,De Bernardi,$2458.14,Brazil,1,United States,3,2015
Kirstyn,Harrower,$4896.24,Peru,1,Brazil,4,2016
Hendrik,Wasmuth,$1264.19,United States,1,Brazil,3,2015
Rodrigo,Simmgen,$2464.00,Brazil,3,Brazil,8,2021
Nickolaus,Dryburgh,$3618.85,Peru,3,Peru,10,2023
Bryn,Heyfield,$3959.61,Brazil,1,United States,0,2018
Rosabella,McNea,$3069.74,Brazil,3,Brazil,4,2020
Ryun,Ruzicka,$1700.57,United States,2,United States,4,2023
Tracee,Lucey,$4249.70,Costa Rica,0,Peru,10,2015
Demetria,Abson,$3150.52,Brazil,3,Peru,4,2016
Monti,Alabastar,$3971.08,Brazil,0,Peru,5,2018
Daphne,Coomber,$3904.96,United States,1,United States,7,2016
Jilly,Gaynes,$4764.60,Costa Rica,2,Brazil,7,2016
Clarance,Gurge,$3643.23,United States,2,United States,8,2017
Richart,Mc Meekan,$1857.07,Brazil,1,United States,5,2023
Alyosha,Coupar,$3440.66,Brazil,0,Brazil,10,2017
Selene,Sickling,$1675.13,Peru,0,United States,10,2018
Eugine,Merwe,$2388.82,Brazil,3,Brazil,2,2015
Issiah,Sorel,$4246.81,United States,1,Peru,1,2016
Torre,Rosnau,$3264.56,Brazil,1,United States,3,2020
,Tame,$1535.20,Brazil,0,Brazil,4,2016
Crin,Tewkesberrie,$3327.19,Brazil,0,Brazil,4,2017
Town,Pampling,$4082.77,Brazil,0,Peru,2,2022
