Id Empresa,Nombre Empresa,Pais,Fundacion,Industria,Empleados,Ingresos Anuales(USD MM),Gastos Anuales(USD MM)
836-64-8737,Buzzdog,Argentina,2005,Medicina,125,$13706.22,$1809.82
462-16-2783,Ailane,Argentina,2003,Tecnologia,22,$17981.17,$3249.36
505-46-5436,Mydo,Colombia,2010,Finanzas,227,$12227.05,$2867.74
366-66-8958,Meezzy,Colombia,2008,Transporte,17,$14827.28,$3146.71
502-48-7186,,Colombia,2010,Entretenimiento,54,$5947.02,$3519.72
569-80-0814,Mynte,Argentina,2004,Construccion,125,$6059.04,$2690.61
672-90-9292,Avaveo,Bolivia,2010,Construccion,241,$14482.19,$1866.73
498-26-7715,Fatz,Uruguay,2015,Entretenimiento,295,$7131.09,$2312.87
585-52-4279,Tagopia,Argentina,2008,Comercio,41,$6046.13,$2112.79
827-91-6319,Jayo,Chile,2013,Comercio,51,$13477.92,$3630.57
855-30-6152,Roombo,Colombia,2006,Otros,141,$18635.22,$3580.80
732-27-6798,Blogpad,Argentina,2006,Tecnologia,282,$17271.97,$3157.97
256-58-8844,Meevee,Argentina,2004,Comercio,117,$15198.18,$2998.82
523-36-5507,Nlounge,Chile,2015,Energia,199,$7047.95,$2192.21
796-53-3909,Brainsphere,Argentina,2010,Construccion,266,$14624.44,$2942.44
895-13-1727,Flashpoint,Argentina,2003,Entretenimiento,27,$18759.76,$2451.44
276-48-8073,Wikivu,Argentina,2005,Otros,187,$11489.61,$2166.82
833-46-8403,Rhynyx,Argentina,2003,Construccion,152,$19093.49,$2845.31
362-28-8258,Babbleset,Argentina,2004,Finanzas,36,$17175.68,$2910.07
290-03-6146,Quatz,Argentina,2004,Transporte,165,$17116.86,$1338.37
162-67-7799,Geba,Argentina,2005,Entretenimiento,215,$17427.30,$1872.36
,Skyvu,,2005,Transporte,17,$19149.42,$3185.24
482-24-2845,Oozz,Argentina,2013,Comercio,288,$17669.89,$2364.25
753-63-3459,Yakijo,Colombia,2010,Finanzas,239,$14875.55,$1676.23
129-49-1674,Nlounge,Colombia,2007,Transporte,58,$17130.18,$3846.92
142-10-3624,Browsezoom,Argentina,2004,Comunicaciones,85,$13853.56,$2621.39
548-97-0646,JumpXS,Argentina,2003,Comunicaciones,270,$14547.58,$3581.76
164-18-2942,Topicware,Colombia,2008,Medicina,288,$19110.30,$1239.06
645-72-1145,Mycat,Argentina,2015,Medicina,293,$19590.16,$3127.44
158-15-1055,Blogspan,Argentina,2003,Construccion,194,$11950.08,$2865.92
282-84-8477,Eazzy,Argentina,2007,Transporte,101,$18965.18,$2154.90
888-41-3534,Vimbo,Chile,2012,Comercio,90,$18408.81,$1542.23
388-88-2866,Feedspan,Chile,2012,Medicina,237,$14117.80,$2378.04
308-03-0331,Brightdog,Colombia,2015,Otros,208,$14436.00,$2341.17
523-29-3240,Kimia,Argentina,2003,,84,$19171.50,$1017.11
652-85-8512,Meezzy,Colombia,2011,Finanzas,183,$12841.21,$1992.03
889-98-6013,Youspan,Colombia,2014,Comunicaciones,97,$19635.14,$2202.72
843-65-5195,Kimia,Argentina,2005,Entretenimiento,31,$13910.85,$3212.30
781-83-1009,Dabjam,Colombia,2012,Comercio,210,$6312.50,$1150.68
253-80-7894,Yoveo,Argentina,2012,,68,$7674.61,$1701.08
469-69-1064,Blogtag,Argentina,2002,Comercio,167,$9889.91,$2724.07
749-14-5002,Shufflebeat,Argentina,2005,Transporte,227,$6542.13,$2840.11
155-31-0810,Riffpath,Argentina,2008,Medicina,143,$15002.10,$2452.59
276-28-0677,LiveZ,Argentina,2011,Entretenimiento,103,$15120.05,$1872.35
458-79-3714,Quinu,Colombia,2011,Otros,285,$7747.04,$1491.71
621-25-3721,Quire,Argentina,2001,Medicina,253,$10155.11,$3987.67
465-96-8201,Agivu,Argentina,2002,Tecnologia,53,$19432.40,$3037.39
541-63-4558,Buzzster,Argentina,2015,Medicina,56,$19716.29,$1042.29
549-26-9875,Dabtype,Chile,2012,Entretenimiento,176,$6582.93,$1334.53
369-56-9277,Meejo,Argentina,2004,Energia,146,$12877.14,$2206.64
800-09-0519,Feedbug,Colombia,2003,Finanzas,136,$19832.22,$3724.89
711-41-3441,Mybuzz,Colombia,2015,Medicina,48,$8665.24,$3926.00
612-42-4811,Skajo,Colombia,2014,Energia,145,$8631.07,$1612.75
391-37-8631,Quimm,Bolivia,2013,Construccion,205,$11769.89,$2150.32
135-17-0430,Cogibox,Colombia,2007,,278,$7755.28,$2764.82
521-57-4874,Avamm,Argentina,2007,Otros,243,$15405.20,$1296.54
626-52-4643,Zazio,Colombia,2011,Finanzas,214,$9598.64,$1230.01
381-73-4722,Riffpath,Chile,2001,Tecnologia,194,$15672.44,$1280.47
324-21-5063,Skinte,Colombia,2005,Entretenimiento,78,$16135.06,$3379.79
758-79-0303,Yata,Colombia,2011,Otros,245,$16569.71,$3276.84
615-68-8318,Wikivu,Colombia,2004,Transporte,114,$13795.95,$2614.59
457-19-5274,Tazz,Colombia,2015,Finanzas,248,$5947.98,$3109.32
548-36-6203,,Uruguay,2006,Comercio,221,$9353.09,$1616.25
870-20-2723,Quinu,Colombia,2001,Otros,88,$10530.13,$1398.78
804-15-6312,Trilia,Uruguay,2014,Tecnologia,159,$9733.35,$3456.27
172-80-1074,Lajo,Colombia,2008,Transporte,56,$17728.69,$1612.31
569-75-2965,Kwimbee,Argentina,2013,,277,$7329.19,$2116.71
508-43-3600,Npath,Colombia,2010,Finanzas,248,$8896.65,$3271.65
787-59-7800,Kimia,Colombia,2008,Energia,257,$9231.58,$3057.63
415-24-4446,Topicshots,Argentina,2012,Medicina,59,$12197.22,$3844.03
689-57-5029,Trupe,Chile,2009,Finanzas,171,$6323.64,$1685.80
147-52-0257,Npath,Chile,2011,Construccion,142,$7085.66,$1753.13
378-88-1188,Oyondu,Argentina,2009,Construccion,27,$13637.65,$1363.43
658-29-7388,Fanoodle,Argentina,2002,Tecnologia,197,$17273.88,$3599.85
634-02-5753,Yata,Chile,2003,Otros,133,$5769.23,$3140.38
606-62-9684,Twitterworks,Colombia,2007,Construccion,249,$15756.99,$2095.60
259-42-6036,Minyx,Colombia,2003,Energia,48,$10782.76,$3104.24
553-37-3123,Flipopia,Uruguay,2006,Energia,262,$11887.48,$3933.42
834-73-3945,Tagopia,Colombia,2013,,199,$10134.90,$1587.64
170-70-8427,Thoughtmix,Argentina,2009,Construccion,297,$11118.15,$2504.08
,Brainsphere,,2009,Transporte,116,$15008.64,$2969.38
884-94-9812,Yodel,Argentina,2006,Finanzas,263,$5137.69,$3387.06
156-21-5863,Cogilith,Colombia,2013,Comunicaciones,126,$17647.69,$1621.00
258-33-0687,Feedfish,Chile,2012,Finanzas,76,$14371.69,$2838.27
800-42-7588,Mybuzz,Colombia,2012,Comercio,39,$19631.76,$2041.40
797-76-8731,Flipbug,Argentina,2006,Energia,195,$14103.87,$3394.95
852-24-9474,Yadel,Colombia,2004,Otros,282,$15204.98,$2231.38
407-49-7008,Flipbug,Colombia,2014,Construccion,179,$14566.77,$3266.98
439-81-2652,Zoozzy,Colombia,2005,Otros,150,$14498.48,$2634.23
569-93-6626,Browsebug,Colombia,2001,Comunicaciones,152,$14173.66,$3082.18
476-22-5415,Trilith,Argentina,2006,Entretenimiento,201,$16309.96,$2147.89
621-97-3243,Chatterbridge,Colombia,2011,Energia,85,$14791.29,$1237.96
250-03-4095,Jatri,Argentina,2013,Comercio,270,$5986.97,$1022.79
190-70-5634,Yambee,Colombia,2002,Otros,158,$7073.57,$3901.50
758-72-7356,Blognation,Colombia,2001,Energia,54,$13456.42,$3422.36
,Wikivu,,2010,Finanzas,87,$12418.39,$1397.37
804-37-7347,Blogspan,Colombia,2005,Transporte,80,$19660.33,$1134.87
804-93-7581,Blogspan,Chile,2002,Otros,274,$9089.26,$3890.61
133-15-9243,Realcube,Chile,2009,Comunicaciones,195,$13818.12,$3011.29
445-91-9145,Realmix,Argentina,2014,Comercio,202,$10378.74,$1397.60
186-23-6587,Rhynyx,Colombia,2013,Tecnologia,79,$9752.67,$3195.84
793-94-7696,Youbridge,Argentina,2009,Finanzas,230,$19199.56,$1142.61
656-49-6450,Wikibox,Colombia,2015,Transporte,106,$12701.55,$3578.85
,Buzzster,,2004,Tecnologia,77,$18614.61,$1793.17
339-78-4134,Photobean,Colombia,2002,Energia,87,$9355.86,$1511.55
192-66-7131,Yombu,Argentina,2014,Comercio,100,$7689.09,$1140.13
383-67-2100,,Argentina,2013,,135,$7527.98,$3095.74
662-72-9676,Brainsphere,Colombia,2007,Entretenimiento,249,$12883.49,$3171.62
152-51-7120,Fatz,Argentina,2002,Tecnologia,282,$15337.40,$2186.29
795-70-5557,Pixoboo,Bolivia,2012,Otros,23,$11127.52,$2568.08
762-32-7106,Roomm,Colombia,2004,Comercio,67,$15000.28,$2552.91
744-64-1863,Aivee,Bolivia,2012,Medicina,283,$13837.43,$2765.00
861-50-7674,Thoughtstorm,Argentina,2006,Tecnologia,178,$18857.24,$3169.80
777-49-0241,Topicware,Argentina,2012,Finanzas,84,$7780.74,$1420.43
394-92-7580,Photofeed,Colombia,2005,Construccion,259,$15126.98,$2449.17
720-28-8532,Aibox,Chile,2015,Energia,166,$11982.36,$3424.53
851-48-6792,Kare,Colombia,2006,Energia,16,$14778.47,$1702.46
456-44-4872,Topicblab,Colombia,2015,Finanzas,156,$11198.07,$2846.84
307-85-0508,Browsedrive,Chile,2012,Energia,90,$14178.58,$2805.94
664-77-8933,Feedspan,Argentina,2006,Comunicaciones,73,$11448.42,$3418.68
196-16-0750,Meevee,Bolivia,2009,Transporte,139,$8541.19,$3461.67
255-75-3637,Buzzshare,Bolivia,2011,Construccion,93,$12262.89,$1532.17
460-29-0689,Layo,Colombia,2004,Finanzas,58,$12877.11,$3224.47
113-44-3340,Edgewire,Colombia,2005,Medicina,134,$16637.18,$2537.55
808-60-2615,Devbug,Argentina,2001,Energia,169,$16480.15,$2302.42
286-53-7169,Feedbug,Colombia,2001,Comunicaciones,197,$10030.20,$2318.88
791-51-4342,Teklist,Argentina,2009,Entretenimiento,161,$19034.43,$3221.43
538-37-7685,Brainsphere,Argentina,2001,Medicina,290,$10362.08,$1292.07
565-49-9723,Demimbu,Uruguay,2003,,205,$17973.08,$1777.49
362-71-2111,Brainsphere,Bolivia,2009,Construccion,86,$15538.57,$2000.77
852-52-9770,Mymm,Colombia,2012,Finanzas,201,$5822.81,$3349.74
804-85-1755,Fadeo,Argentina,2011,Tecnologia,57,$17060.65,$2274.04
566-20-5402,Izio,Uruguay,2006,Transporte,94,$14261.20,$1297.63
751-89-0928,Thoughtstorm,Colombia,2015,Energia,83,$13486.31,$2213.22
269-24-9932,Centimia,Argentina,2005,Entretenimiento,97,$18400.30,$1247.18
265-13-3892,Jayo,Argentina,2013,Energia,61,$8099.49,$3895.01
460-23-3351,Gabspot,Colombia,2010,Comercio,232,$16756.14,$3311.16
662-65-9232,Youspan,Bolivia,2001,Transporte,114,$6098.64,$1878.62
201-26-1929,Rhynyx,Argentina,2010,Entretenimiento,41,$18943.52,$2039.48
595-46-5190,Dablist,Colombia,2011,Entretenimiento,257,$16903.25,$3286.25
,Jaxbean,,2012,Energia,138,$13535.08,$1771.42
,Jazzy,,2001,Otros,262,$15155.73,$3077.70
823-10-1047,Twitterworks,Colombia,2004,Tecnologia,42,$16724.02,$1604.28
,Yodoo,,2001,Medicina,147,$7568.67,$3154.97
724-11-2795,Fliptune,Argentina,2005,Entretenimiento,250,$13820.42,$1732.82
468-20-5225,Skalith,Argentina,2015,Finanzas,96,$17621.17,$2936.98
495-39-8546,Tagpad,Argentina,2015,Finanzas,60,$16211.58,$2851.51
460-72-9383,Avamm,Colombia,2013,Tecnologia,274,$8587.16,$1878.23
445-92-8676,Quimm,Argentina,2003,Energia,104,$5992.58,$1110.10
177-10-6688,Ntags,Colombia,2002,Construccion,254,$15205.46,$2170.38
888-85-5003,Topiclounge,Uruguay,2008,Finanzas,242,$5370.03,$3896.74
872-24-8382,Topiczoom,Colombia,2014,Energia,114,$16624.74,$1450.47
863-87-2918,Izio,Argentina,2015,Medicina,112,$18973.58,$3895.05
425-73-6646,Lazzy,Colombia,2012,Medicina,20,$5885.02,$3500.20
136-50-1449,Yombu,Colombia,2008,Otros,49,$8363.68,$1484.22
328-48-1861,Gigazoom,Colombia,2015,Otros,283,$14626.16,$1608.08
413-86-6294,Meembee,Argentina,2010,Comercio,33,$18703.45,$2501.34
227-28-9856,Dablist,Argentina,2014,Tecnologia,143,$18584.34,$2489.99
697-52-7741,Demimbu,Colombia,2003,Entretenimiento,52,$10281.81,$3198.61
259-13-2097,Quinu,Colombia,2002,Medicina,207,$19564.06,$1410.35
493-77-2337,Aivee,Bolivia,2005,Entretenimiento,111,$10098.30,$1764.09
594-95-0712,Bluezoom,Argentina,2014,Construccion,72,$9899.09,$3912.46
610-48-5862,Mynte,Argentina,2001,Medicina,151,$16912.06,$3222.17
449-94-4326,Mynte,Colombia,2006,Otros,267,$14257.82,$2753.84
768-28-0860,Feednation,Argentina,2012,Energia,79,$18202.99,$2073.11
387-45-1249,Yodel,Argentina,2004,Tecnologia,36,$19784.32,$3548.37
471-40-8294,Feedfire,Argentina,2010,Comunicaciones,185,$12755.95,$3936.66
414-61-0705,Gigaclub,Argentina,2004,Comunicaciones,22,$5869.35,$1999.42
579-07-7892,Skyvu,Colombia,2006,Energia,250,$13978.51,$2994.52
553-86-7647,Omba,Colombia,2011,Comercio,41,$17225.50,$3424.17
305-89-9421,Livepath,Argentina,2007,Entretenimiento,84,$19076.54,$1628.67
473-24-8219,Ntag,Bolivia,2009,Energia,259,$18931.84,$1644.45
510-55-8587,Zoonder,Bolivia,2002,Otros,135,$5170.09,$2444.84
343-13-7471,Divavu,Argentina,2003,Finanzas,192,$14435.71,$2405.58
179-57-8172,Gabtype,Colombia,2015,Otros,60,$13264.23,$1412.80
884-31-4335,Layo,Bolivia,2013,Comercio,181,$7483.14,$2879.60
743-27-5486,Skimia,Argentina,2002,Transporte,57,$7230.40,$2080.21
789-72-6812,Twitterlist,Argentina,2010,Comercio,298,$12785.19,$3263.65
766-52-6864,Eire,Colombia,2015,Otros,38,$12185.02,$2745.25
443-88-5838,Dynazzy,Bolivia,2004,Finanzas,114,$6580.98,$3264.99
115-77-7904,Devshare,Colombia,2005,Comunicaciones,269,$17918.23,$2602.14
861-56-4341,Browsebug,Colombia,2006,Otros,114,$8227.49,$2270.52
636-19-8723,Reallinks,Argentina,2014,Finanzas,132,$12307.55,$2230.47
751-55-9257,,Colombia,2009,Comercio,15,$19217.57,$1180.84
427-88-4037,Jazzy,Argentina,2003,Comunicaciones,100,$12891.86,$1385.86
863-80-9489,Jamia,Colombia,2013,Comunicaciones,166,$15226.65,$3109.92
223-04-0728,Snaptags,Colombia,2010,Tecnologia,113,$8872.14,$1226.96
202-21-0255,Thoughtbridge,Argentina,2013,Otros,193,$13200.40,$2054.56
746-34-5496,Flipstorm,Argentina,2007,Entretenimiento,297,$7458.06,$1536.93
789-41-1155,Shuffledrive,Argentina,2002,Construccion,270,$11923.83,$3612.23
655-18-0415,Omba,Colombia,2002,Entretenimiento,159,$9149.90,$2156.07
465-06-0220,Bubblemix,Colombia,2011,Tecnologia,164,$16944.14,$1580.24
815-69-1818,Quinu,Colombia,2003,,70,$13906.58,$2135.57
362-93-7411,Teklist,Colombia,2008,Energia,31,$12384.67,$2451.14
870-83-8177,Yabox,Colombia,2015,Comercio,72,$16660.41,$1012.68
883-91-7826,Zoomlounge,Chile,2006,Entretenimiento,195,$9983.22,$2556.09
664-08-9925,Jabbersphere,Colombia,2004,Otros,296,$12727.05,$1553.27
842-46-5633,Centidel,Argentina,2001,Tecnologia,261,$13514.43,$3287.99
532-40-5635,Topicstorm,Argentina,2013,Transporte,110,$16222.26,$3145.13
300-76-8678,Linklinks,Argentina,2009,Entretenimiento,203,$9750.65,$3859.07
468-55-2931,Wikivu,Colombia,2005,Transporte,26,$15366.55,$3376.46
602-20-8071,Babbleopia,Argentina,2001,Transporte,126,$8940.54,$1728.27
865-87-5245,Topicblab,Colombia,2015,Comercio,38,$8165.68,$2510.12
766-98-9665,Feedspan,Argentina,2013,Medicina,300,$6418.96,$2277.04
660-13-3879,Abatz,Uruguay,2010,Entretenimiento,233,$6517.91,$3892.07
846-72-8356,Omba,Argentina,2009,Medicina,232,$18887.71,$2680.03
892-50-9670,Pixope,Colombia,2010,Transporte,189,$17650.25,$3017.83
685-09-2820,Mydeo,Argentina,2005,Comunicaciones,292,$6747.45,$1144.42
803-83-0735,Edgeify,Argentina,2004,Transporte,205,$16040.79,$3010.20
545-75-0299,Voonte,Colombia,2007,Construccion,58,$11469.37,$2144.37
345-21-7105,Eayo,Argentina,2003,Finanzas,220,$15490.83,$1283.01
547-04-9135,Dabshots,Argentina,2001,Construccion,157,$19053.72,$2444.56
392-74-1707,Tanoodle,Argentina,2010,Tecnologia,133,$7621.73,$3089.73
185-82-6627,Yakidoo,Chile,2011,Otros,192,$15214.02,$2333.02
621-65-5443,Linkbuzz,Bolivia,2008,Otros,99,$5902.93,$1788.70
555-10-1731,Twitterbeat,Argentina,2003,Tecnologia,249,$6958.64,$3697.97
157-58-7034,Einti,Argentina,2010,Transporte,171,$14924.68,$2397.43
331-61-0360,Trupe,Colombia,2003,Comercio,57,$13055.74,$1273.30
403-74-0634,Wordware,Colombia,2011,Entretenimiento,110,$15600.03,$1513.60
,Yakidoo,,2003,Comercio,52,$19014.45,$1257.95
864-22-1220,Dynabox,Argentina,2006,Energia,289,$5434.39,$3734.64
199-71-5907,Skinder,Argentina,2001,Comunicaciones,283,$19898.80,$2797.85
796-62-1462,Youtags,Colombia,2007,Finanzas,78,$6909.18,$2177.15
311-65-5468,Babblestorm,Argentina,2002,Otros,86,$9235.86,$1916.14
130-44-9244,Tazz,Argentina,2007,Energia,93,$12025.34,$1691.92
723-96-3126,Quinu,Colombia,2001,Comunicaciones,105,$10043.69,$2644.55
,Digitube,,2003,Construccion,148,$17666.58,$3590.78
,Npath,,2013,Otros,90,$11269.69,$3790.40
619-97-9282,Tazzy,Colombia,2011,Energia,69,$18144.00,$1845.54
548-85-8237,Edgeclub,Argentina,2015,Transporte,197,$18803.14,$2648.04
532-06-6380,Devshare,Argentina,2014,Otros,60,$5681.60,$1183.00
537-14-8963,Zoovu,Argentina,2008,Finanzas,203,$15644.18,$2809.34
290-82-8770,Bubblebox,Colombia,2015,Entretenimiento,300,$16290.98,$2959.16
400-70-0705,Meedoo,Uruguay,2007,Medicina,173,$16965.88,$3465.45
322-24-1615,Topicstorm,Argentina,2013,Finanzas,283,$16833.94,$2620.19
631-23-2305,Mydeo,Argentina,2005,Entretenimiento,91,$8447.45,$3563.67
449-85-4192,Devbug,Colombia,2001,Transporte,111,$6093.49,$1890.65
625-29-9520,Kazu,Colombia,2001,Tecnologia,67,$5293.37,$1433.83
188-16-5846,Aivee,Colombia,2001,Tecnologia,143,$6711.89,$1628.89
725-62-1344,Lazzy,Argentina,2004,Medicina,286,$16989.29,$3461.71
505-06-2049,Brightdog,Colombia,2014,Tecnologia,288,$13596.94,$2866.01
716-78-8264,Jabberbean,Bolivia,2005,Medicina,177,$17412.70,$2423.41
865-31-3862,Skyble,Argentina,2011,Tecnologia,212,$7278.81,$1456.48
109-53-4197,Devify,Argentina,2011,Medicina,160,$9257.77,$3859.22
301-89-8403,Teklist,Argentina,2001,Otros,300,$10582.15,$1873.54
357-85-4843,Eamia,Colombia,2013,Medicina,197,$14486.43,$2588.26
,Edgeify,,2013,Energia,26,$7867.54,$3758.26
274-87-5369,Agivu,Argentina,2006,Tecnologia,292,$17736.02,$1802.88
,Yabox,,2011,Medicina,131,$10532.94,$3745.68
613-73-8375,Feedfire,Uruguay,2002,Comunicaciones,296,$7851.80,$3064.30
466-93-9057,InnoZ,Argentina,2005,Energia,298,$8638.19,$3136.33
844-71-1864,Dynabox,Argentina,2004,Medicina,266,$19592.98,$2956.48
822-38-9455,,Argentina,2007,Entretenimiento,193,$12239.97,$2388.83
887-84-9063,Skinix,Colombia,2015,Otros,70,$10710.23,$3038.60
169-46-0471,Topiczoom,Colombia,2006,Transporte,140,$7743.05,$1727.06
839-05-6640,Zoomzone,Chile,2001,Tecnologia,166,$8796.65,$1863.98
619-14-8344,Centimia,Chile,2005,Transporte,204,$5251.53,$3666.64
613-65-1268,Yakijo,Colombia,2012,Medicina,289,$5833.50,$3659.41
473-76-9796,Buzzshare,Colombia,2013,Construccion,220,$10447.89,$1665.00
216-44-7259,Kazio,Colombia,2014,Construccion,227,$18080.14,$3815.22
581-37-3025,Skimia,Colombia,2007,Entretenimiento,27,$18871.14,$3196.24
377-74-9140,Skalith,Argentina,2014,Comercio,57,$5787.44,$3002.39
877-06-8291,Photobug,Argentina,2015,Medicina,159,$6125.91,$2631.45
640-14-9129,Jazzy,Argentina,2015,Construccion,217,$12515.93,$3159.98
887-09-0724,Feedmix,Argentina,2011,Otros,39,$5571.93,$2108.21
850-29-6681,Plambee,Colombia,2010,Entretenimiento,203,$13177.45,$3839.49
377-52-0725,Yoveo,Argentina,2013,Comunicaciones,112,$19602.87,$2241.36
246-57-8832,Voolia,Argentina,2013,Entretenimiento,283,$6337.46,$1052.68
504-37-0663,Gigaclub,Argentina,2011,Otros,17,$13747.41,$2060.04
418-85-6890,Quire,Bolivia,2013,Comunicaciones,101,$19520.77,$2202.80
,Dablist,,2002,Construccion,45,$13833.74,$1125.52
536-81-3924,Vinder,Colombia,2013,Comunicaciones,75,$11154.79,$2326.03
701-92-4121,Avavee,Colombia,2007,Transporte,292,$14101.94,$2695.84
298-46-0644,Trilia,Colombia,2015,Finanzas,109,$8371.64,$3738.05
298-69-3800,Teklist,Argentina,2002,Transporte,120,$9308.07,$2891.53
282-97-1736,Lajo,Argentina,2012,Otros,29,$19330.72,$2344.51
706-56-1160,Pixonyx,Colombia,2007,Finanzas,84,$11033.20,$3359.87
387-49-9871,Jayo,Colombia,2008,Finanzas,182,$11062.44,$1027.58
,Shuffledrive,,2009,Construccion,132,$15714.39,$2506.68
849-62-7832,Ooba,Argentina,2010,Construccion,225,$11006.14,$1122.31
524-72-0893,Dabvine,Argentina,2014,Construccion,61,$9219.16,$3568.98
707-75-7033,Skinder,Argentina,2011,Energia,22,$7157.44,$3336.66
553-74-1007,Livepath,Colombia,2014,Tecnologia,82,$7335.93,$1181.30
720-39-3970,Skalith,Argentina,2005,Comunicaciones,204,$13720.18,$1876.11
,Avavee,,2005,Tecnologia,60,$6271.01,$1765.63
125-79-4564,Leenti,Colombia,2001,Tecnologia,133,$13155.27,$1789.35
486-62-1713,Gigaclub,Bolivia,2013,Finanzas,108,$16843.61,$3975.37
,Wikivu,,2014,Tecnologia,26,$8169.51,$2392.79
694-65-4364,Quamba,Argentina,2004,Comercio,83,$12266.01,$3282.78
878-35-8968,Jaxworks,Argentina,2011,Finanzas,134,$15485.18,$3165.49
240-40-4344,Skimia,Bolivia,2003,Finanzas,83,$5273.90,$1543.13
155-40-9260,Fliptune,Argentina,2004,Energia,234,$5534.29,$2442.08
500-14-3143,Trilith,Colombia,2012,Construccion,111,$12174.28,$3875.86
311-70-2032,Riffpedia,Colombia,2010,Comunicaciones,170,$9779.86,$2499.84
234-79-6387,Midel,Colombia,2012,Comunicaciones,285,$11213.49,$2323.18
734-64-0194,Reallinks,Bolivia,2009,Medicina,193,$13070.97,$3639.92
255-11-5008,Tambee,Argentina,2007,Finanzas,144,$10293.15,$1340.99
503-74-1236,Abata,Argentina,2004,Transporte,183,$13659.42,$1576.07
749-51-9669,Gabtune,Argentina,2004,Otros,159,$12357.02,$2417.74
275-20-1090,Feedfire,Argentina,2013,Energia,279,$19670.89,$2212.09
693-72-0622,Lazzy,Argentina,2010,Comunicaciones,260,$11534.36,$3715.37
648-32-6214,Babbleset,Chile,2004,Entretenimiento,69,$12771.27,$2016.40
343-02-0743,Cogilith,Argentina,2008,Medicina,78,$16203.93,$1081.15
677-70-2254,Skyble,Colombia,2006,Transporte,229,$10023.14,$3072.78
450-07-3876,Ntag,Argentina,2007,Transporte,127,$16671.13,$3761.76
281-92-5186,Mynte,Colombia,2004,Entretenimiento,196,$13219.90,$1823.96
828-46-0286,Kanoodle,Colombia,2002,Finanzas,263,$8387.40,$2604.22
153-51-7724,Browsecat,Colombia,2001,Comunicaciones,31,$12127.98,$1670.16
573-16-9506,Skidoo,Colombia,2009,Comunicaciones,241,$15661.40,$3516.86
852-20-8946,Riffwire,Argentina,2009,Finanzas,248,$17832.81,$3055.23
286-63-8762,Rhynyx,Colombia,2007,Comercio,257,$18475.06,$3512.42
665-64-3330,Voonte,Chile,2001,Transporte,87,$19612.13,$1698.25
279-76-9875,DabZ,Colombia,2001,,144,$7676.40,$1496.78
229-97-5217,Meemm,Colombia,2010,Comercio,78,$8674.69,$2226.59
225-27-2883,Skidoo,Argentina,2003,Finanzas,169,$7404.25,$1833.99
207-36-7605,Youtags,Colombia,2014,Entretenimiento,71,$17788.32,$1641.65
780-52-8124,Browseblab,Uruguay,2001,Transporte,100,$5408.90,$3414.43
255-03-3244,Miboo,Colombia,2010,,31,$6883.10,$2296.08
748-93-8620,Yakitri,Argentina,2008,Medicina,18,$18344.92,$3441.36
127-51-6125,Jetwire,Argentina,2009,Finanzas,264,$15513.94,$2015.83
670-12-5217,,Bolivia,2015,Comunicaciones,283,$19362.43,$3691.72
780-97-0694,Yacero,Colombia,2012,Energia,142,$9766.05,$2939.48
113-51-4851,Voonyx,Argentina,2013,Medicina,283,$19488.61,$3733.72
362-56-6743,Babbleopia,Colombia,2010,Construccion,105,$18595.21,$1187.11
175-95-1126,Rhyzio,Argentina,2005,Transporte,211,$13323.53,$3116.75
638-27-8505,Yambee,Colombia,2003,Finanzas,194,$13940.26,$1884.84
128-64-8730,Photospace,Colombia,2014,Construccion,123,$6401.61,$2941.91
671-24-3697,Topicstorm,Colombia,2010,Finanzas,68,$11454.54,$1360.08
331-08-6906,Zoonder,Colombia,2009,Construccion,83,$15043.19,$2856.27
339-43-6885,Topicware,Chile,2012,Medicina,127,$10021.87,$1935.16
731-24-5283,Digitube,Argentina,2015,Medicina,266,$10322.09,$2787.61
687-28-6233,Abatz,Colombia,2005,,160,$11716.85,$3251.57
684-09-0993,JumpXS,Argentina,2014,Otros,283,$9206.54,$2635.24
484-06-5119,Einti,Argentina,2015,Medicina,152,$15240.17,$3694.77
605-95-2344,Mydo,Colombia,2009,Entretenimiento,154,$10693.04,$2752.18
,Oozz,,2011,Transporte,82,$7728.70,$3855.25
897-49-4691,Shufflebeat,Uruguay,2012,Finanzas,44,$5058.93,$2690.62
525-08-8182,Realblab,Colombia,2009,Otros,197,$12647.38,$2807.89
225-59-0530,Meedoo,Argentina,2011,Tecnologia,192,$17180.05,$2666.97
736-64-2563,Rhybox,Bolivia,2001,Comercio,279,$7794.07,$2785.21
670-22-0354,Bubblemix,Chile,2006,Transporte,141,$14727.64,$1382.06
402-58-2035,Livetube,Colombia,2013,Comercio,103,$12180.23,$3340.88
510-27-0642,Yambee,Argentina,2013,Entretenimiento,139,$11421.73,$3987.29
325-04-3090,Gigaclub,Colombia,2009,Construccion,177,$15508.03,$3643.97
653-92-8142,Centimia,Colombia,2010,Energia,275,$7896.16,$1612.06
692-53-9607,Skipstorm,Argentina,2008,Comercio,263,$15080.86,$2686.84
877-56-0949,Fadeo,Colombia,2014,Otros,40,$16775.22,$2798.83
776-78-4792,Plambee,Argentina,2013,Comunicaciones,286,$7826.96,$1278.33
868-56-1595,Photospace,Argentina,2005,Construccion,103,$7667.18,$3487.19
209-68-3329,Reallinks,Argentina,2014,Transporte,283,$17139.65,$1646.67
290-47-4337,Flipopia,Chile,2015,Transporte,155,$15915.45,$2313.52
856-86-4767,Layo,Colombia,2003,,172,$11099.06,$3405.48
142-74-7394,Lajo,Argentina,2014,Otros,300,$12546.85,$2637.52
844-20-2711,Skimia,Colombia,2011,Finanzas,150,$5773.83,$2794.42
232-64-6852,Youopia,Colombia,2007,Finanzas,218,$18701.38,$2346.03
699-68-5063,Linklinks,Argentina,2005,Medicina,128,$11013.67,$1963.39
662-84-2391,Browsecat,Argentina,2003,Transporte,166,$13323.54,$3200.02
740-67-5831,Flipbug,Argentina,2014,Energia,115,$12903.73,$1998.94
757-82-8244,Divanoodle,Bolivia,2009,,269,$9314.28,$2520.47
420-19-4614,Divape,Argentina,2012,Finanzas,206,$15696.64,$1325.35
604-08-3164,Thoughtbridge,Uruguay,2011,Energia,192,$10965.69,$2807.01
103-67-9717,Pixonyx,Chile,2004,Tecnologia,158,$15044.13,$1016.14
335-79-8489,Roombo,Colombia,2010,Entretenimiento,263,$16072.39,$1604.59
535-01-7685,Topicstorm,Argentina,2002,Medicina,77,$6107.00,$1458.88
396-43-9548,Realbridge,Bolivia,2003,,265,$5294.31,$3328.15
379-92-1149,Snaptags,Colombia,2006,Entretenimiento,181,$18096.39,$1717.87
176-06-9093,Quimba,Argentina,2013,Construccion,97,$7572.26,$3833.92
,Quimba,,2015,Comunicaciones,193,$6111.63,$3870.03
142-77-8137,Blogspan,Argentina,2007,Otros,145,$5894.47,$2958.27
243-44-0171,Meemm,Colombia,2004,Otros,122,$19089.85,$1955.05
581-52-6156,Meedoo,Argentina,2001,Medicina,59,$12280.66,$1903.21
766-34-0913,Yakitri,Argentina,2013,Tecnologia,211,$5873.63,$1080.98
208-25-3317,Aimbu,Colombia,2012,Tecnologia,208,$8147.34,$2069.72
544-90-2490,Yata,Colombia,2001,Entretenimiento,279,$13231.52,$2882.22
571-44-2303,Livetube,Colombia,2013,Transporte,289,$14580.29,$3805.95
141-74-3613,Brainbox,Colombia,2013,,73,$18511.40,$1511.07
612-63-3709,,Chile,2015,Comunicaciones,18,$10369.43,$2073.36
693-43-6901,Voonix,Colombia,2001,Medicina,296,$12793.01,$1564.60
365-24-3823,Edgeclub,Argentina,2005,Comercio,235,$18795.11,$2399.39
373-74-2967,Kamba,Argentina,2004,,70,$5853.90,$3803.10
748-63-6347,Voonyx,Colombia,2004,Finanzas,115,$13366.76,$1640.56
,Meezzy,,2002,Energia,296,$6031.16,$1519.89
301-49-8889,Kwideo,Uruguay,2011,Entretenimiento,108,$9449.20,$2610.14
531-45-4556,Oloo,Argentina,2013,Tecnologia,107,$5090.25,$3437.18
496-69-3250,Zoonder,Argentina,2007,Medicina,212,$5028.20,$2162.99
218-84-6794,LiveZ,Bolivia,2014,Energia,125,$5437.55,$3524.27
319-06-8126,Trilith,Argentina,2006,Finanzas,185,$8477.44,$2900.33
718-12-3244,Bubblemix,Argentina,2015,Otros,55,$10507.90,$1205.12
471-22-4217,Eire,Colombia,2007,Construccion,295,$12387.32,$2823.92
520-11-0010,Yadel,Argentina,2015,Otros,244,$10648.33,$2497.63
255-01-2653,Trudeo,Bolivia,2002,,200,$12694.53,$1146.87
102-67-6266,Bubbletube,Argentina,2006,Tecnologia,145,$6842.41,$1635.43
301-75-1027,Roomm,Argentina,2009,Otros,33,$13767.41,$2469.43
255-06-8526,Trudeo,Argentina,2014,Transporte,279,$8868.53,$3311.46
807-48-3353,Geba,Argentina,2001,Finanzas,66,$17854.37,$2057.96
536-35-8902,Tagfeed,Colombia,2004,Energia,33,$6262.61,$1450.10
732-83-4533,Meedoo,Uruguay,2005,Otros,122,$9606.46,$1983.12
211-56-9989,Blogtags,Argentina,2002,Entretenimiento,66,$10847.82,$3577.79
202-31-8932,Viva,Colombia,2013,Otros,217,$10601.10,$1505.74
396-69-2099,Pixonyx,Argentina,2015,Finanzas,200,$17316.37,$1453.95
131-99-8079,Realblab,Argentina,2008,Transporte,94,$9737.22,$3982.26
250-64-9241,Dabtype,Chile,2012,Otros,16,$10068.13,$1962.20
538-05-3221,Kayveo,Colombia,2006,Comercio,251,$10612.16,$1456.44
838-97-5274,Tanoodle,Colombia,2005,,252,$18706.39,$3961.33
670-24-0133,Tavu,Colombia,2002,Transporte,219,$8450.91,$3232.61
298-96-4613,Nlounge,Bolivia,2003,Finanzas,118,$16645.72,$1392.50
478-90-6480,Eazzy,Colombia,2015,Entretenimiento,184,$12276.64,$2072.40
487-01-4586,Mita,Colombia,2005,Energia,101,$9828.53,$3651.89
,Brightbean,,2002,Medicina,37,$17156.50,$3735.52
316-17-7632,Meevee,Colombia,2006,Entretenimiento,35,$17036.77,$2556.24
274-77-4541,Yata,Argentina,2015,Construccion,125,$18349.03,$2070.38
341-91-1489,Twitternation,Chile,2003,Transporte,209,$15550.73,$2150.87
508-33-4475,Devshare,Argentina,2008,Comercio,127,$13706.40,$2942.26
176-21-6268,Thoughtstorm,Bolivia,2014,Otros,170,$14773.89,$2403.25
640-38-3976,Devbug,Argentina,2001,Finanzas,215,$8060.81,$3910.75
450-32-6783,Gigashots,Colombia,2014,Energia,68,$18468.36,$1000.79
262-56-9316,Thoughtbeat,Argentina,2001,Energia,16,$13237.91,$1633.06
693-25-2213,Fanoodle,Argentina,2014,Otros,115,$18035.38,$3048.08
796-41-1511,Blognation,Colombia,2005,Comercio,223,$8866.63,$1576.85
285-56-9429,Zoomcast,Argentina,2012,Medicina,226,$10640.87,$2362.95
546-53-5199,Fanoodle,Uruguay,2006,Otros,300,$11735.68,$1187.38
167-25-1978,Brainlounge,Colombia,2003,Tecnologia,20,$17968.13,$3937.38
730-32-6022,Oodoo,Argentina,2012,Comercio,84,$9377.89,$1744.37
807-35-2886,Jabberstorm,Argentina,2010,Construccion,70,$9504.76,$1375.03
624-07-2903,Oyoyo,Chile,2011,Otros,70,$9069.52,$3791.84
898-21-9952,Demivee,Colombia,2009,Construccion,295,$5706.40,$3513.66
401-83-2648,Ozu,Argentina,2013,Comunicaciones,92,$9940.77,$1651.91
648-59-3224,Twitterlist,Argentina,2014,Transporte,87,$5571.06,$3487.78
760-11-2747,Myworks,Colombia,2012,Energia,106,$11533.08,$2772.30
559-99-3369,Oyonder,Colombia,2006,Finanzas,300,$6921.86,$1086.77
720-34-3064,Kare,Colombia,2014,Transporte,137,$15678.21,$3698.29
224-95-0749,Mycat,Argentina,2001,Comunicaciones,135,$8893.50,$1083.22
450-41-8392,Browsebug,Argentina,2003,Comunicaciones,98,$17470.24,$1663.03
,Chatterbridge,,2003,Entretenimiento,259,$7108.65,$3606.84
271-14-7085,Babbleopia,Argentina,2013,Otros,104,$11118.89,$1994.64
541-92-0782,Tagtune,Argentina,2008,Energia,133,$18431.00,$2552.20
846-56-5825,Thoughtworks,Colombia,2001,,49,$7662.96,$3733.46
384-40-3348,Skyble,Colombia,2001,Entretenimiento,70,$17867.46,$3143.37
179-76-1774,Innotype,Colombia,2003,Transporte,214,$8933.33,$2384.55
894-78-5544,,Colombia,2005,Comercio,251,$13721.34,$2843.34
853-43-9161,Voolith,Argentina,2014,Transporte,120,$14118.28,$1079.38
878-87-3749,Quatz,Colombia,2001,Finanzas,26,$9331.95,$2443.24
504-99-2387,DabZ,Chile,2011,Transporte,184,$9708.56,$1177.98
308-18-1657,Oyonder,Argentina,2003,Energia,164,$13653.11,$3450.38
669-34-5486,Fadeo,Colombia,2002,Transporte,250,$17704.18,$2845.74
496-37-2101,Babbleopia,Argentina,2001,Transporte,264,$8457.21,$3542.93
335-23-5356,Buzzster,Colombia,2011,Finanzas,139,$13570.17,$2816.13
407-10-6925,Voonte,Argentina,2012,Medicina,164,$5708.95,$1515.11
637-17-0619,Feednation,Argentina,2009,Medicina,247,$14707.79,$3700.65
521-43-2998,Yodoo,Colombia,2001,Medicina,208,$11777.05,$3857.19
692-25-8178,Realblab,Chile,2011,Comunicaciones,238,$6736.44,$2240.78
464-24-8795,Gigashots,Colombia,2015,Construccion,266,$16808.90,$3026.22
460-30-8962,Rooxo,Argentina,2012,Energia,258,$15187.55,$1810.00
402-29-7552,Cogidoo,Argentina,2001,Entretenimiento,26,$6319.09,$1514.34
319-83-6104,Podcat,Colombia,2005,Medicina,218,$15853.41,$3379.80
775-94-0194,Thoughtsphere,Colombia,2002,Comunicaciones,145,$11425.24,$2662.76
796-73-2086,Katz,Bolivia,2014,Tecnologia,104,$19151.46,$1126.03
701-18-1552,Feedfire,Chile,2003,Otros,149,$18155.00,$1749.18
481-15-3857,Browsebug,Uruguay,2011,Comercio,83,$9043.29,$2669.74
381-24-7071,Jamia,Colombia,2007,Entretenimiento,40,$19689.06,$3634.75
353-84-0238,Voonder,Argentina,2011,Tecnologia,270,$11788.64,$1705.29
496-15-5310,Brainbox,Colombia,2010,,206,$12135.42,$2066.95
513-40-8453,Tavu,Chile,2014,Comercio,21,$19372.51,$1123.60
523-67-0703,Jayo,Colombia,2008,Construccion,254,$13438.51,$3267.49
415-49-4854,Rooxo,Colombia,2003,Energia,220,$13938.49,$2313.17
657-99-5155,Eimbee,Uruguay,2006,Energia,61,$16079.01,$3095.12
620-19-9511,Yamia,Colombia,2007,,103,$10860.40,$1674.88
525-27-6701,Realbuzz,Argentina,2013,Comunicaciones,16,$12913.86,$2010.00
582-23-5266,Yakijo,Argentina,2015,Finanzas,260,$19173.87,$3487.00
367-36-3961,Photobug,Bolivia,2007,Construccion,183,$11324.03,$3246.71
555-12-2193,Jabbertype,Colombia,2012,Construccion,229,$17176.29,$3673.16
885-53-5267,Gabvine,Argentina,2010,Tecnologia,266,$14820.39,$1582.12
473-86-0301,Jayo,Uruguay,2005,,192,$16762.95,$1481.08
512-16-3992,Meetz,Argentina,2006,Comercio,80,$15769.44,$1639.19
265-92-6704,Yoveo,Argentina,2001,Otros,75,$7138.62,$1808.72
736-33-0294,Wikivu,Colombia,2007,Comercio,162,$19083.80,$3558.36
170-56-5784,Dabjam,Colombia,2002,Otros,111,$13866.36,$1245.98
898-95-5885,Jayo,Uruguay,2009,Comunicaciones,155,$6155.70,$1082.22
739-02-9268,Edgeify,Argentina,2005,Comunicaciones,222,$8117.78,$2557.38
116-73-8764,Feedfire,Colombia,2007,Entretenimiento,273,$6086.57,$3691.11
422-75-2968,Rhycero,Bolivia,2015,Energia,53,$10815.01,$2817.43
834-34-4374,Babbleset,Colombia,2010,Construccion,63,$16092.18,$1941.64
192-26-9900,Bluejam,Colombia,2005,Comunicaciones,77,$8534.16,$1996.01
726-84-6176,Feedbug,Chile,2013,,153,$13545.30,$3810.95
211-71-2751,Oyoba,Chile,2004,Comunicaciones,28,$13753.68,$1698.39
226-60-8734,Jabbersphere,Colombia,2015,Construccion,87,$8322.96,$2609.54
863-55-6954,Skilith,Argentina,2006,Comunicaciones,251,$13526.08,$3331.85
485-39-0571,Brainlounge,Argentina,2005,Otros,143,$13671.89,$3442.21
,Realcube,,2003,Transporte,133,$12640.60,$1476.52
222-60-1309,Abatz,Uruguay,2014,Comunicaciones,190,$19533.30,$3606.93
655-96-1635,Abata,Chile,2015,Entretenimiento,19,$6603.29,$1488.41
410-64-1184,Zoonder,Colombia,2009,Entretenimiento,37,$18848.62,$3809.27
,Realblab,,2011,Energia,147,$17215.28,$1940.97
736-88-6123,Eare,Chile,2009,Comunicaciones,22,$12325.79,$1748.17
472-84-3480,Gigazoom,Argentina,2008,Transporte,115,$14127.49,$2973.18
720-76-4859,Brainbox,Chile,2008,Otros,85,$19940.62,$1253.91
719-82-0747,Mydo,Argentina,2002,Comunicaciones,43,$18569.57,$3670.44
185-90-1986,Edgewire,Bolivia,2006,Medicina,51,$13513.80,$3997.53
141-03-2978,Plajo,Colombia,2002,Otros,156,$5356.81,$1145.15
189-64-4307,Skyvu,Colombia,2012,,198,$9644.14,$3997.94
760-41-1302,Gigashots,Bolivia,2010,Tecnologia,26,$18935.08,$1974.42
192-45-2012,Browseblab,Argentina,2008,,27,$17752.00,$1029.33
,Divavu,,2014,,204,$15366.09,$1249.89
889-05-6956,Flipstorm,Colombia,2015,Energia,271,$6433.81,$3979.05
147-14-3017,Mycat,Argentina,2001,Medicina,252,$18534.23,$1464.66
438-43-7211,Flipstorm,Argentina,2004,Medicina,73,$11560.91,$3650.58
486-20-2112,Twinte,Colombia,2011,Entretenimiento,34,$5466.51,$3502.92
814-02-6983,Livepath,Argentina,2010,Entretenimiento,160,$7517.18,$1672.38
141-87-1716,Zoonder,Colombia,2007,Medicina,183,$10174.80,$1100.91
648-15-9709,Browsebug,Colombia,2006,Entretenimiento,299,$16905.16,$2331.22
883-81-2856,Skyndu,Bolivia,2012,Transporte,292,$9576.00,$3621.96
198-01-8488,Thoughtbeat,Colombia,2012,Entretenimiento,280,$6041.70,$3626.92
207-41-2664,Tazzy,Colombia,2002,Transporte,181,$10442.95,$1676.36
442-07-6769,Skipfire,Uruguay,2015,Comunicaciones,180,$5211.14,$1957.31
403-67-6187,Jaxspan,Colombia,2008,Comunicaciones,250,$8118.87,$3333.71
475-67-6936,Vitz,Argentina,2001,Comunicaciones,74,$10982.23,$1260.18
522-72-3942,Linkbuzz,Argentina,2001,Tecnologia,184,$12435.61,$2040.04
554-55-2588,Bluezoom,Argentina,2011,Tecnologia,100,$19234.01,$1919.04
292-54-0835,Youopia,Argentina,2014,Entretenimiento,81,$12945.53,$1437.57
113-88-7978,Jabbertype,Colombia,2010,Comercio,160,$12363.41,$2164.27
489-68-4086,Agivu,Colombia,2013,Comercio,172,$19018.57,$1765.63
557-20-1954,Einti,Argentina,2005,Medicina,214,$13196.32,$1064.43
809-70-0823,Dynabox,Argentina,2011,Entretenimiento,271,$17225.95,$3871.70
663-33-8834,Jaxbean,Bolivia,2015,Transporte,107,$7411.13,$3158.18
180-31-4946,Meembee,Argentina,2014,Finanzas,17,$13872.72,$1532.79
103-11-0593,Twitterlist,Chile,2005,Entretenimiento,159,$8274.57,$2205.59
373-93-0939,Oyoba,Uruguay,2013,,220,$10327.61,$2860.97
673-12-9717,Jabbersphere,Colombia,2014,Finanzas,210,$10558.90,$2706.42
888-78-9963,Devbug,Colombia,2010,,106,$14252.44,$2394.62
369-50-1449,Buzzster,Colombia,2010,Comercio,177,$6225.40,$1117.31
598-74-6679,Dynazzy,Colombia,2011,Entretenimiento,128,$12514.66,$3604.81
673-48-9489,Skipfire,Argentina,2010,Medicina,260,$12707.27,$1615.59
571-33-8396,Flashset,Colombia,2013,Otros,73,$5492.24,$1802.26
653-69-8607,,Argentina,2011,Otros,173,$10578.46,$3734.29
328-23-5322,Zoomdog,Argentina,2006,Comercio,282,$7380.72,$2053.16
345-60-1020,Jaxspan,Chile,2001,Entretenimiento,124,$16208.75,$1362.81
572-98-1823,Oyope,Colombia,2001,Energia,269,$14479.87,$2829.33
272-96-9913,Skippad,Colombia,2003,Energia,294,$19063.00,$1896.57
774-39-2766,Kazio,Argentina,2012,Transporte,128,$13786.54,$2977.20
242-86-7040,Cogidoo,Colombia,2004,Otros,102,$13278.27,$2082.20
601-35-2496,Roombo,Colombia,2012,Energia,291,$12593.43,$2674.45
383-64-1576,Jetpulse,Colombia,2010,Finanzas,206,$5128.18,$1758.31
210-86-7431,Babbleset,Colombia,2009,Finanzas,171,$18106.69,$2684.18
609-39-0249,Bubblemix,Colombia,2004,Comunicaciones,103,$11731.71,$1692.72
762-88-2161,Brainlounge,Argentina,2004,Comunicaciones,215,$16809.28,$1596.26
362-22-8110,Leenti,Argentina,2009,Tecnologia,160,$6408.80,$2276.63
534-96-8391,Shufflester,Colombia,2011,Finanzas,47,$11198.43,$1238.06
568-32-7513,Feedspan,Argentina,2010,Construccion,165,$5191.86,$1317.05
795-47-8390,Meejo,Bolivia,2013,,296,$11942.29,$1465.75
173-42-5050,Divanoodle,Colombia,2001,,90,$17745.54,$3857.84
875-35-9983,Cogidoo,Colombia,2010,Entretenimiento,272,$8727.09,$1166.08
884-74-9219,Livetube,Colombia,2012,Finanzas,35,$17554.85,$3326.11
515-68-9527,Centizu,Bolivia,2007,Tecnologia,159,$9676.52,$2790.76
828-87-2795,Leexo,Argentina,2004,Finanzas,279,$18866.28,$3225.24
755-04-1585,Shuffledrive,Argentina,2012,Comercio,211,$14814.99,$3559.96
176-83-8838,Divape,Argentina,2001,Construccion,256,$6200.08,$3479.94
604-47-1523,Avamba,Argentina,2013,Entretenimiento,175,$16327.20,$3909.37
578-79-5904,Zoomcast,Colombia,2008,Finanzas,39,$19939.61,$3943.96
406-48-1169,Flashspan,Argentina,2003,,19,$9536.68,$1616.21
616-40-9849,Yozio,Colombia,2015,Energia,269,$8790.34,$3042.10
161-59-8653,Mycat,Colombia,2012,Entretenimiento,113,$8554.88,$1306.63
871-50-9599,Jamia,Chile,2003,Energia,82,$19035.36,$1503.92
775-45-0869,Aibox,Chile,2015,Finanzas,84,$5210.22,$3377.93
440-35-6630,Leenti,Colombia,2007,Energia,21,$11614.99,$1927.33
727-57-2987,Dynabox,Argentina,2006,Tecnologia,123,$6664.48,$2858.03
101-63-9889,Skiba,Colombia,2002,,120,$13826.27,$1129.93
605-45-0452,Kwideo,Colombia,2010,Medicina,103,$12943.66,$1510.17
213-37-5716,Photolist,Colombia,2015,Entretenimiento,62,$18756.86,$2638.42
532-66-0298,,Colombia,2007,Comercio,205,$19836.00,$2878.06
472-39-1356,Meeveo,Chile,2011,Comunicaciones,53,$5193.95,$3225.02
,Dynava,,2003,Tecnologia,224,$16919.13,$2059.13
818-16-4440,Realblab,Colombia,2012,Otros,17,$11506.33,$3051.53
175-89-5527,Twiyo,Argentina,2015,Transporte,148,$10288.87,$3499.28
418-90-1445,Zoombeat,Bolivia,2007,Transporte,34,$6717.49,$2315.63
627-85-4063,Ainyx,Chile,2008,Transporte,104,$16481.90,$3600.55
669-19-6331,Yata,Argentina,2004,Energia,259,$7297.74,$2515.72
341-98-3879,Gevee,Argentina,2003,Entretenimiento,21,$16321.80,$2752.25
440-35-4132,Wikibox,Argentina,2001,Energia,160,$17550.72,$3245.44
645-29-8274,Snaptags,Argentina,2001,Tecnologia,58,$17471.93,$2103.27
826-94-4540,Browsetype,Colombia,2004,Construccion,92,$17850.61,$3087.82
394-72-6856,Npath,Argentina,2003,Transporte,194,$11506.67,$2762.06
240-57-2472,Trudoo,Argentina,2012,Transporte,205,$9279.36,$1097.21
695-70-7163,Flipopia,Argentina,2012,Finanzas,15,$19526.19,$3175.48
318-37-3573,Mudo,Argentina,2013,Medicina,52,$14119.28,$3438.52
314-08-8363,Rhyloo,Chile,2008,Transporte,293,$10044.01,$1773.74
590-42-8035,Thoughtsphere,Colombia,2002,,114,$8096.15,$2116.37
260-22-5426,Tagpad,Argentina,2005,Comercio,113,$14654.84,$3640.98
794-43-6558,Linklinks,Colombia,2005,Comercio,162,$7890.01,$2122.44
756-69-1232,Brightdog,Bolivia,2002,Energia,97,$7017.27,$1924.66
302-18-6581,Yamia,Argentina,2014,Finanzas,136,$14071.53,$1186.16
,Vinte,,2002,Finanzas,73,$8270.02,$1926.26
490-41-2923,Buzzbean,Bolivia,2010,Otros,74,$14507.79,$3056.04
745-12-5570,Meemm,Argentina,2005,Transporte,248,$17955.05,$1669.13
860-35-3147,Yoveo,Colombia,2001,Comercio,89,$14197.06,$1363.94
326-64-8081,,Uruguay,2001,Comunicaciones,123,$13618.57,$3847.22
475-19-5707,Buzzster,Chile,2014,Comercio,216,$17148.83,$1944.78
646-53-8611,Gabspot,Colombia,2010,Energia,54,$7269.65,$3616.35
289-56-4629,Wikizz,Chile,2003,Tecnologia,221,$18696.11,$2028.91
170-61-8994,Yodel,Colombia,2005,Comercio,77,$14186.15,$1825.30
851-53-6858,Vimbo,Colombia,2014,Construccion,278,$6015.28,$1834.03
273-45-5271,Pixoboo,Uruguay,2003,Transporte,166,$6820.38,$1155.57
596-88-0995,Edgepulse,Argentina,2004,Tecnologia,64,$18201.98,$2078.94
472-60-1465,Voonder,Colombia,2010,Medicina,194,$10384.74,$2623.97
573-75-7503,Brainlounge,Colombia,2004,Construccion,188,$15643.95,$3891.41
191-94-1887,Devpulse,Argentina,2005,Medicina,177,$11659.34,$1638.82
832-23-3282,Dabvine,Argentina,2007,Finanzas,101,$11053.37,$2591.50
395-02-5417,Tavu,Argentina,2015,Construccion,47,$9957.81,$2520.60
790-36-6369,Twinder,Colombia,2007,Medicina,95,$19633.17,$1328.04
291-17-4366,Digitube,Colombia,2015,Entretenimiento,49,$6809.11,$3103.10
438-86-3828,Kwideo,Colombia,2010,Comercio,65,$9383.06,$2715.30
146-05-8493,Skyvu,Argentina,2009,Finanzas,264,$14545.44,$1676.71
,Browsecat,,2011,Finanzas,59,$8661.31,$3004.34
,Edgewire,,2011,Tecnologia,88,$16136.07,$1312.40
494-04-1295,Brightbean,Argentina,2011,Tecnologia,286,$18906.84,$3200.78
832-79-6339,Midel,Argentina,2003,Finanzas,231,$9652.10,$2857.05
550-91-1407,Voonyx,Colombia,2004,Tecnologia,146,$12793.76,$2073.55
308-24-7447,Zoonoodle,Colombia,2011,Comercio,178,$12520.47,$1669.81
693-94-0903,Twiyo,Argentina,2010,Comunicaciones,64,$17919.52,$2410.64
301-37-8161,Devify,Colombia,2005,Construccion,194,$14835.91,$1475.92
350-53-2173,Voonix,Argentina,2003,Otros,243,$15080.84,$1691.06
615-19-5534,Topiczoom,Colombia,2014,Medicina,263,$6319.12,$2053.62
704-25-2308,Jatri,Argentina,2014,Otros,149,$13480.34,$1964.56
294-60-5602,Ntag,Argentina,2008,Entretenimiento,257,$15396.05,$3863.30
144-65-3695,Youspan,Argentina,2014,Comunicaciones,118,$5193.24,$2963.79
153-87-3525,Demizz,Argentina,2008,Entretenimiento,97,$9395.95,$2529.17
705-64-2909,Blogtag,Argentina,2011,Finanzas,295,$13035.05,$2680.96
891-38-8772,Flashspan,Bolivia,2003,Otros,237,$14171.48,$1407.46
605-77-7972,Dynava,Colombia,2012,Medicina,98,$19779.25,$2146.60
119-56-3655,Yacero,Colombia,2013,Transporte,53,$19763.09,$3332.44
548-36-0819,Innojam,Argentina,2014,Finanzas,128,$5667.57,$1996.52
616-30-4781,Voonder,Argentina,2005,Tecnologia,257,$9667.32,$3240.55
282-82-8498,,Argentina,2012,Medicina,38,$12462.97,$2983.62
388-57-4989,Dynabox,Colombia,2013,Comunicaciones,288,$19450.85,$3443.80
518-63-5797,Quaxo,Uruguay,2001,Entretenimiento,54,$9165.95,$2888.69
100-66-5984,Meetz,Argentina,2010,Medicina,276,$18931.65,$3596.20
831-77-2726,Dynava,Argentina,2015,Comunicaciones,38,$5571.26,$2841.77
449-44-2126,Avaveo,Argentina,2006,Finanzas,242,$13390.49,$2126.34
582-82-7292,Edgeblab,Chile,2008,Comercio,46,$11803.00,$3285.25
458-66-8685,Agimba,Colombia,2010,Transporte,41,$17858.23,$2459.31
544-30-2534,Plajo,Colombia,2012,Comercio,21,$12268.69,$1515.04
209-49-8026,Quaxo,Colombia,2009,Entretenimiento,293,$13946.42,$2698.04
864-17-1307,Zoomzone,Argentina,2010,,95,$5806.85,$3264.23
726-76-0816,Cogibox,Chile,2003,Otros,52,$9425.66,$1404.57
214-53-5213,Skimia,Argentina,2005,Entretenimiento,213,$6324.28,$1757.27
183-97-2084,Einti,Argentina,2005,Comunicaciones,183,$5516.51,$3050.75
731-28-6353,Plajo,Argentina,2008,Construccion,204,$8391.55,$2062.67
360-03-4895,Flashpoint,Colombia,2002,Tecnologia,67,$14613.31,$3152.95
813-06-4149,Myworks,Colombia,2014,Entretenimiento,156,$17229.90,$2331.47
124-87-1825,Roombo,Argentina,2002,,133,$15146.34,$3993.57
330-58-7029,Photofeed,Argentina,2008,Energia,107,$14779.58,$2265.40
407-24-7800,Trudoo,Argentina,2008,Energia,297,$10110.64,$2934.87
612-04-8626,Nlounge,Argentina,2009,Finanzas,86,$10584.75,$2327.74
203-87-0660,Yodel,Argentina,2008,Energia,17,$6469.19,$1489.87
537-49-6758,Topicstorm,Argentina,2005,Otros,194,$5526.27,$2192.61
,Yozio,,2012,Finanzas,284,$7288.37,$2742.98
242-73-3356,Zoomdog,Colombia,2007,Otros,186,$7965.01,$1953.61
207-98-0660,Katz,Chile,2006,Otros,237,$13818.23,$3970.29
224-16-7431,Photospace,Colombia,2003,,197,$19722.35,$3815.87
370-45-9185,Nlounge,Colombia,2009,Medicina,282,$16155.70,$3143.51
605-93-8262,Ailane,Colombia,2007,Otros,51,$10300.49,$3492.58
433-50-3381,Zoomlounge,Colombia,2010,Construccion,283,$15656.49,$2676.97
108-28-1049,Edgetag,Colombia,2006,Construccion,90,$9654.56,$3139.34
822-74-8713,Jabbersphere,Chile,2002,Comunicaciones,49,$9994.45,$1595.28
695-54-6647,Jamia,Argentina,2010,Otros,295,$19190.30,$3820.24
165-69-8248,Livetube,Colombia,2012,Tecnologia,251,$17232.99,$3875.51
197-92-0307,Blognation,Argentina,2005,Medicina,234,$9245.93,$3687.37
512-28-9867,Photojam,Colombia,2014,Finanzas,101,$8788.25,$2215.22
692-07-2817,Skynoodle,Colombia,2001,Comercio,187,$18275.24,$1425.43
372-78-1643,Youspan,Argentina,2011,,210,$13975.47,$2513.46
406-73-5883,Riffpedia,Colombia,2001,,40,$8717.23,$1577.47
623-04-3541,Abatz,Argentina,2003,Finanzas,160,$16960.58,$1103.27
336-63-6098,Voonyx,Argentina,2012,Otros,292,$11658.11,$2832.08
679-99-6980,Topicblab,Colombia,2010,,242,$8386.15,$3316.87
761-68-9707,Leexo,Argentina,2006,Medicina,182,$16524.77,$2681.22
695-04-1005,Oyoloo,Colombia,2007,Construccion,299,$5847.36,$2534.61
895-03-1436,Geba,Uruguay,2005,Finanzas,29,$7871.06,$3002.94
224-05-3972,Vinder,Argentina,2002,Entretenimiento,107,$14638.02,$1031.73
543-88-5456,Zoombeat,Bolivia,2006,Comunicaciones,58,$19596.33,$1128.16
155-84-7083,Shuffletag,Argentina,2005,Construccion,287,$7877.87,$2302.48
368-24-2338,Quaxo,Colombia,2014,Medicina,123,$5377.60,$3736.35
366-46-2099,Skibox,Colombia,2009,Entretenimiento,189,$9351.43,$3491.23
824-32-7339,Skivee,Colombia,2013,Comunicaciones,163,$14866.98,$3126.66
333-55-7619,Rooxo,Argentina,2004,Comunicaciones,298,$12796.86,$2102.76
832-82-6553,Trupe,Colombia,2014,Tecnologia,156,$16009.11,$2258.49
834-22-0709,Zoomzone,Argentina,2010,Transporte,100,$6340.47,$3042.43
519-51-7464,Jabbercube,Argentina,2012,Tecnologia,96,$14196.51,$1991.05
881-72-9570,Jaxspan,Colombia,2002,Otros,192,$11005.52,$2949.69
353-05-6443,Skynoodle,Argentina,2002,Finanzas,112,$7335.98,$3127.90
746-58-0405,Thoughtblab,Colombia,2013,Entretenimiento,37,$12356.70,$1030.39
731-11-1243,Thoughtbridge,Argentina,2001,Transporte,174,$18717.46,$1379.14
457-55-4640,Riffpedia,Chile,2015,Otros,281,$10334.85,$1086.43
261-26-6182,Yodoo,Colombia,2014,Comunicaciones,24,$18142.78,$2961.28
598-43-6211,Thoughtstorm,Argentina,2015,Comunicaciones,20,$17651.57,$1036.55
552-26-9376,Twinte,Bolivia,2004,Tecnologia,156,$16146.01,$1549.49
265-84-7484,,Argentina,2009,Tecnologia,170,$16435.59,$2331.98
197-94-6356,Devcast,Argentina,2011,Medicina,283,$15380.50,$1230.50
221-22-1755,Youbridge,Bolivia,2003,Energia,208,$12795.05,$3957.73
470-85-1441,Fivespan,Colombia,2010,Comunicaciones,205,$12675.80,$3353.14
287-49-2997,Demizz,Argentina,2008,Comercio,40,$8126.77,$2531.61
640-03-3960,Camimbo,Bolivia,2007,Comunicaciones,176,$17723.59,$1292.61
713-49-5727,Yodoo,Colombia,2002,Entretenimiento,290,$8428.91,$2778.41
483-46-9297,Kazio,Argentina,2009,Finanzas,298,$19183.02,$3853.14
218-32-4993,Ooba,Argentina,2006,Finanzas,260,$9805.31,$2229.89
412-16-1848,Gabvine,Chile,2013,Finanzas,268,$12024.24,$3554.25
446-56-4717,InnoZ,Argentina,2011,Otros,172,$9781.81,$2283.48
300-33-5325,Tavu,Argentina,2010,,98,$18050.25,$2334.15
573-83-9837,Devify,Colombia,2006,Finanzas,130,$6305.84,$2971.15
389-19-1096,Flipbug,Colombia,2004,Finanzas,23,$6977.35,$3991.68
553-02-8467,Npath,Argentina,2011,Tecnologia,133,$8343.26,$3115.19
,Babblestorm,,2001,Comercio,226,$16028.92,$3662.37
124-74-3850,Wordware,Argentina,2008,Tecnologia,154,$19635.65,$2168.58
202-84-5046,Voolia,Colombia,2002,Finanzas,119,$7579.74,$1287.46
490-51-9395,Mybuzz,Colombia,2005,Finanzas,74,$13441.34,$2166.33
891-99-8506,Nlounge,Colombia,2011,Construccion,115,$9017.40,$3627.92
766-08-2862,Chatterpoint,Uruguay,2005,Construccion,21,$17069.36,$1531.37
,Centizu,,2014,Comunicaciones,133,$12523.07,$1516.15
191-63-8761,Fivebridge,Argentina,2011,Transporte,288,$15003.26,$2501.02
216-34-7981,Oozz,Colombia,2009,,250,$17803.40,$2812.00
882-28-3812,Brightdog,Argentina,2012,Otros,22,$9720.10,$1840.10
555-34-8931,Centidel,Chile,2013,Construccion,107,$11114.23,$3108.56
569-27-9600,Tekfly,Colombia,2002,Construccion,176,$8373.12,$1452.50
425-78-8673,Skyndu,Colombia,2008,Energia,126,$10436.15,$1469.13
872-21-9793,Kanoodle,Bolivia,2006,Otros,191,$13983.90,$3578.32
524-53-9152,Gabspot,Chile,2002,Energia,148,$9301.74,$1379.89
191-90-6639,Skyble,Argentina,2005,Medicina,68,$10760.52,$1147.28
309-59-1594,Aibox,Colombia,2008,,185,$10182.51,$3038.40
326-58-7791,Aivee,Chile,2010,Finanzas,216,$16937.93,$2989.21
705-58-6813,Brightbean,Colombia,2007,Comercio,214,$9895.99,$3840.79
543-54-2743,Zoomcast,Colombia,2009,Transporte,278,$9588.70,$2469.70
127-71-5545,Skalith,Argentina,2009,Comercio,159,$6528.42,$3134.43
781-84-1862,Kamba,Colombia,2006,Medicina,114,$17406.72,$2226.14
126-32-8961,Photofeed,Colombia,2010,Medicina,67,$15792.42,$3225.47
299-93-7942,Tagcat,Argentina,2015,Transporte,222,$9286.96,$2474.96
376-37-4190,Yata,Colombia,2002,Finanzas,137,$18039.06,$3537.22
763-07-2870,Jatri,Colombia,2008,Transporte,143,$10051.74,$2631.11
659-66-8744,Youspan,Colombia,2006,Comercio,166,$6198.40,$2223.46
172-14-5431,Yamia,Bolivia,2013,Comunicaciones,276,$7537.58,$1902.37
,Dabtype,,2015,Finanzas,55,$19644.97,$3835.16
437-94-9752,Devpoint,Uruguay,2011,Energia,259,$9311.65,$1856.27
365-70-8949,Topiczoom,Argentina,2009,Tecnologia,282,$8603.28,$2514.37
829-90-0775,BlogXS,Argentina,2006,,214,$16091.78,$2424.62
567-34-1500,Tagpad,Chile,2007,Energia,268,$14687.85,$1178.21
120-70-5645,Skimia,Colombia,2011,Finanzas,219,$15705.24,$3587.13
446-13-4804,Meevee,Colombia,2013,Otros,119,$6609.35,$3566.36
690-41-6297,,Argentina,2014,Comunicaciones,188,$19435.96,$3063.30
677-81-9985,Riffpedia,Bolivia,2009,Comunicaciones,165,$19186.88,$1163.95
229-13-7663,Rhycero,Colombia,2006,Construccion,49,$5933.65,$1120.36
354-99-0342,Jaxnation,Argentina,2002,Transporte,265,$11526.74,$3564.63
733-91-1692,Eimbee,Colombia,2009,Energia,116,$18003.14,$3344.03
758-27-9637,Voonyx,Argentina,2014,Otros,203,$17502.68,$2659.97
535-48-6017,Katz,Colombia,2004,Entretenimiento,132,$19270.27,$2285.41
126-02-6753,Dynazzy,Colombia,2011,Medicina,64,$6290.70,$3389.51
187-46-5860,Gabtune,Colombia,2005,Otros,297,$5888.40,$2330.39
294-34-6951,Janyx,Argentina,2001,Otros,267,$17767.13,$2945.71
653-40-7030,Tazzy,Colombia,2010,,63,$12677.69,$3811.11
494-11-7857,Quatz,Colombia,2003,Comunicaciones,56,$7901.23,$3432.17
594-09-1290,Realfire,Bolivia,2012,Comercio,271,$10182.99,$3779.72
,Zazio,,2012,,252,$16176.25,$3700.65
126-13-7371,Trunyx,Chile,2011,Transporte,53,$9296.16,$2106.21
613-11-1856,Yata,Bolivia,2008,Medicina,130,$11704.70,$1556.88
645-26-7211,Camido,Argentina,2003,Entretenimiento,155,$7782.07,$2107.67
351-31-8164,Lazz,Colombia,2010,Construccion,37,$9708.26,$2104.71
679-36-3222,Livepath,Argentina,2005,Construccion,274,$18798.52,$2955.95
583-01-6672,Oyope,Argentina,2014,Comercio,102,$10905.91,$1897.41
864-42-1265,Realmix,Colombia,2001,Medicina,149,$12430.93,$1353.59
312-95-3294,Vinte,Argentina,2001,Construccion,118,$6702.35,$3016.79
395-64-8744,Jazzy,Argentina,2005,Otros,98,$8182.89,$3050.94
,BlogXS,,2013,Entretenimiento,194,$5879.42,$1900.13
656-68-0529,,Uruguay,2010,Comercio,74,$17922.88,$1279.04
490-09-7100,Lajo,Argentina,2015,Transporte,185,$7027.06,$1810.32
146-19-0415,Voolia,Colombia,2011,Finanzas,233,$13685.09,$2524.04
206-64-1657,Vimbo,Colombia,2015,Entretenimiento,287,$12909.88,$3608.86
552-81-5969,Blogtags,Argentina,2001,Otros,211,$7933.76,$1812.91
125-22-9225,Latz,Colombia,2005,Medicina,248,$17777.28,$3004.25
703-66-3855,Bubbletube,Colombia,2007,Comunicaciones,192,$8795.76,$2077.83
435-63-8338,Yadel,Argentina,2007,Transporte,217,$15818.22,$1074.59
229-39-9731,Devshare,Colombia,2011,Otros,126,$11439.35,$2407.67
253-91-4600,Eidel,Uruguay,2011,Otros,173,$13318.32,$3751.95
823-33-7624,Voonyx,Chile,2014,Transporte,20,$8756.64,$2617.51
628-28-6292,Blogtag,Argentina,2009,Transporte,95,$16221.12,$2366.61
727-76-7786,Innojam,Argentina,2014,Otros,115,$15888.00,$3174.50
134-86-2080,Zoomzone,Colombia,2015,Finanzas,153,$10721.38,$3108.91
897-37-1825,Quimm,Colombia,2008,Comunicaciones,143,$10637.23,$2673.12
,Youspan,,2010,Tecnologia,275,$13073.07,$1779.62
476-66-1876,Tagchat,Argentina,2008,Medicina,196,$7019.75,$3191.39
431-33-0383,Photobug,Bolivia,2006,Comercio,235,$10473.92,$1055.94
747-34-5428,Youspan,Chile,2015,Otros,16,$19285.33,$1803.58
627-25-7597,Voolia,Chile,2001,Comunicaciones,274,$11416.10,$3545.18
,Katz,,2012,Finanzas,103,$14094.83,$2822.71
250-02-1373,Feedmix,Colombia,2010,Comunicaciones,79,$6601.58,$3720.09
613-98-7631,Photojam,Argentina,2001,Construccion,235,$18275.03,$2712.30
770-71-8902,,Argentina,2006,,94,$16224.81,$1289.94
541-47-6778,Thoughtbridge,Colombia,2013,Otros,135,$7470.58,$3554.34
281-62-8747,Jabbersphere,Argentina,2013,Construccion,62,$13085.34,$1128.29
794-68-4526,Miboo,Colombia,2004,Otros,127,$11143.35,$2937.31
445-70-4275,Meeveo,Argentina,2014,Construccion,36,$18882.29,$2833.95
288-68-9670,Fivechat,Bolivia,2007,Finanzas,133,$18959.08,$1696.88
372-88-3604,Yakijo,Chile,2007,Medicina,211,$6485.64,$2361.02
373-46-9380,Edgeclub,Argentina,2008,Finanzas,135,$13305.97,$2169.73
457-13-7917,Dabjam,Argentina,2010,Otros,159,$9047.89,$1327.73
265-89-7912,Thoughtstorm,Uruguay,2008,Energia,221,$7812.07,$2371.07
220-61-3408,Gevee,Colombia,2006,Energia,67,$14740.83,$2685.95
758-99-1618,Edgepulse,Chile,2013,Energia,29,$10095.26,$3567.84
774-61-5585,Tazz,Colombia,2003,Otros,229,$11744.46,$1641.40
264-26-4974,Divavu,Colombia,2011,Medicina,63,$17752.60,$2544.55
399-95-1080,Gigaclub,Colombia,2008,Construccion,254,$13718.46,$1631.87
607-28-5326,Mita,Argentina,2012,Comercio,268,$8578.69,$1596.40
193-02-5819,Oyoba,Argentina,2011,Energia,202,$9491.06,$2419.88
768-70-9108,Mynte,Colombia,2009,Comunicaciones,31,$16531.24,$1633.20
326-03-5973,Kaymbo,Argentina,2001,Comercio,242,$15739.32,$2452.15
494-50-6034,Katz,Argentina,2010,Tecnologia,197,$18370.57,$1488.39
466-42-3860,Twitterbridge,Argentina,2006,Medicina,89,$15123.52,$1392.32
624-47-5469,Izio,Colombia,2011,,232,$15982.90,$1059.79
,Yadel,,2015,Finanzas,184,$14100.32,$3477.49
608-74-1358,Trilia,Colombia,2004,Comercio,42,$7203.31,$3599.36
771-80-5744,Centizu,Colombia,2014,Otros,93,$12092.97,$3732.01
758-47-1127,Wikivu,Colombia,2005,Energia,160,$9476.89,$1819.63
896-44-3597,Mynte,Argentina,2013,Comunicaciones,245,$14018.91,$1669.00
366-21-9571,Latz,Argentina,2011,Entretenimiento,64,$16372.50,$1191.94
376-06-8176,Feedfish,Uruguay,2008,Tecnologia,262,$18708.60,$2711.67
741-68-3521,Riffpath,Argentina,2006,Otros,39,$17709.60,$2510.61
705-40-7481,Yombu,Colombia,2015,Comercio,171,$17403.67,$2683.34
390-14-3008,Wordtune,Colombia,2012,Comercio,294,$18858.66,$3819.35
899-65-4211,Devcast,Chile,2011,Entretenimiento,152,$7695.30,$1656.28
156-59-4273,Quamba,Colombia,2009,Tecnologia,84,$13793.83,$1803.12
366-56-8752,Zoomlounge,Colombia,2001,Tecnologia,239,$19768.09,$2899.97
202-59-0907,,Colombia,2010,,105,$11221.08,$1963.78
522-81-5550,Rhynoodle,Argentina,2007,Construccion,176,$19230.00,$1676.39
536-23-2909,Wordpedia,Argentina,2005,Otros,189,$10979.10,$1244.03
496-86-6592,Fatz,Argentina,2009,Entretenimiento,48,$5633.31,$2368.27
683-64-7273,Aibox,Chile,2015,Medicina,135,$12727.51,$1488.08
892-43-4610,Rhycero,Colombia,2003,Comercio,289,$9750.35,$3651.81
235-60-8570,Gabspot,Argentina,2006,Entretenimiento,203,$18753.30,$3264.80
455-06-4830,Kazio,Colombia,2004,Tecnologia,167,$8160.95,$1801.79
575-08-3482,Abata,Colombia,2015,Construccion,17,$15108.52,$1140.77
497-52-5779,Yombu,Argentina,2001,Energia,138,$7015.38,$1817.28
120-65-4935,Mydo,Colombia,2012,Entretenimiento,135,$15070.25,$3511.70
612-16-5262,Realbridge,Uruguay,2009,Comunicaciones,31,$16976.97,$2946.87
867-57-3282,Zava,Argentina,2015,Otros,196,$14366.83,$1950.90
536-76-8240,Youbridge,Colombia,2002,Medicina,102,$15475.43,$1261.22
,Skinix,,2015,Energia,198,$7247.56,$1799.74
515-65-9892,Eimbee,Argentina,2015,Construccion,297,$13034.07,$3735.15
473-31-8926,Fivebridge,Colombia,2008,Energia,153,$17201.82,$3375.74
108-12-3565,Rhybox,Argentina,2001,,289,$11654.96,$2830.55
641-13-9153,Centizu,Colombia,2013,Transporte,23,$19312.86,$2110.46
199-80-0283,Skinix,Argentina,2013,Tecnologia,155,$6294.08,$2216.82
476-10-3313,Twitternation,Argentina,2005,,167,$14042.64,$3824.09
159-28-8597,Twitterwire,Argentina,2015,Finanzas,182,$13080.19,$2910.77
428-69-1068,Abata,Argentina,2003,Construccion,129,$19554.93,$2382.22
771-15-9731,Voonyx,Colombia,2011,Entretenimiento,138,$17167.59,$1140.05
684-85-9397,Meeveo,Argentina,2012,Medicina,123,$15544.85,$1222.21
376-56-5140,Janyx,Colombia,2007,Otros,201,$19009.09,$2556.71
129-34-8239,Realblab,Argentina,2014,Entretenimiento,109,$17495.78,$1125.37
787-67-6659,Buzzster,Argentina,2013,Entretenimiento,129,$11089.61,$2819.75
,BlogXS,,2013,Finanzas,80,$14850.35,$3250.92
654-91-0343,Edgetag,Argentina,2007,Comercio,135,$14657.13,$3134.67
619-42-8217,Avamm,Argentina,2007,Construccion,255,$19020.92,$2388.24
814-92-1576,Eamia,Argentina,2002,Medicina,46,$9895.13,$2594.24
344-13-6904,Twimbo,Argentina,2009,Medicina,125,$19907.54,$1425.55
615-01-3341,Demizz,Argentina,2010,Medicina,84,$12007.13,$2148.69
711-29-5990,Fivechat,Argentina,2009,Entretenimiento,98,$17529.83,$2026.90
729-17-0585,Fivebridge,Colombia,2010,Energia,158,$13207.24,$3804.82
220-16-3930,Trudeo,Colombia,2009,Medicina,287,$13982.96,$1055.69
725-69-1763,Meedoo,Colombia,2012,Finanzas,27,$17469.78,$3820.73
796-79-5094,Devbug,Colombia,2006,Energia,229,$18544.10,$2106.36
193-47-1982,Trilia,Argentina,2006,Entretenimiento,93,$6918.07,$1840.75
548-52-8375,Skynoodle,Argentina,2005,Finanzas,116,$16548.75,$3485.92
377-66-4105,Meevee,Chile,2013,,119,$12929.58,$3772.79
673-67-9543,Pixope,Chile,2004,Comercio,189,$15337.37,$2645.85
378-73-7041,Thoughtworks,Colombia,2003,Construccion,116,$17701.76,$2049.43
601-75-4371,Dynabox,Chile,2011,Comunicaciones,171,$6940.67,$2631.85
292-89-4065,Zoonder,Colombia,2005,Comunicaciones,131,$9336.52,$2234.79
158-63-1179,Camido,Argentina,2004,Comercio,27,$9545.46,$3385.06
241-41-2861,Pixoboo,Argentina,2008,Tecnologia,227,$6686.52,$2765.58
644-29-5319,Skivee,Colombia,2013,Construccion,174,$7911.76,$2793.07
473-61-8546,Zava,Bolivia,2009,Comercio,297,$16068.11,$2188.65
512-25-1763,Janyx,Uruguay,2010,Comercio,143,$10774.50,$2078.45
590-28-3308,Devpoint,Argentina,2011,Construccion,142,$15506.77,$3259.10
493-24-6887,Meemm,Argentina,2006,Entretenimiento,105,$16517.98,$1078.25
584-93-0930,Youspan,Argentina,2012,Comercio,270,$8776.85,$1962.18
115-72-7271,Cogilith,Colombia,2011,Finanzas,137,$15814.98,$3291.54
217-27-8300,Eimbee,Uruguay,2008,Transporte,295,$18047.88,$1620.61
482-38-2730,Browsezoom,Colombia,2013,Medicina,294,$10323.98,$3519.02
545-96-8076,Babbleblab,Argentina,2004,Otros,127,$10591.48,$3170.04
705-14-0645,Jatri,Argentina,2007,Comercio,71,$12534.44,$3564.33
441-73-8930,Fadeo,Argentina,2005,Otros,268,$13137.46,$3265.96
659-37-7241,,Argentina,2010,Otros,183,$17351.12,$3620.83
721-89-3961,Skyvu,Colombia,2011,Finanzas,79,$15150.69,$2672.93
664-49-1785,Meedoo,Colombia,2011,Entretenimiento,257,$16834.08,$2573.30
768-93-4311,Edgetag,Argentina,2001,Energia,184,$9940.41,$2685.60
793-04-3802,Wordify,Argentina,2004,Construccion,270,$8693.65,$1176.68
885-77-2428,Skimia,Argentina,2007,Transporte,44,$17297.93,$1006.44
350-34-5075,Tagfeed,Bolivia,2003,Medicina,50,$17346.93,$3875.99
587-39-4216,Twitterlist,Argentina,2010,Construccion,290,$8038.90,$2754.26
854-71-9714,Tagchat,Argentina,2015,Entretenimiento,118,$17459.70,$1463.94
294-31-2874,Cogidoo,Argentina,2001,Entretenimiento,37,$13742.71,$1800.00
567-43-0342,Edgeblab,Argentina,2014,,162,$8255.98,$2201.53
523-85-9426,Skyvu,Colombia,2003,Construccion,209,$19793.68,$2109.73
801-41-7821,Wordify,Bolivia,2010,Finanzas,119,$19152.06,$1444.60
289-87-7175,Browsetype,Colombia,2009,Comunicaciones,67,$10737.67,$3612.89
409-47-2062,Aivee,Argentina,2011,Construccion,145,$17057.06,$2205.16
103-36-1505,Zazio,Argentina,2007,Energia,119,$11366.02,$1182.01
447-19-7463,Gabtype,Argentina,2003,Energia,27,$16253.98,$2504.47
645-65-0865,Oyoba,Colombia,2014,Energia,56,$7542.91,$3736.12
792-68-6059,Twinte,Argentina,2010,Finanzas,240,$8510.56,$1222.31
571-18-0572,Chatterpoint,Argentina,2008,Comercio,274,$9137.99,$3540.08
,Leenti,,2012,Otros,62,$7439.83,$3517.55
326-10-3017,Jaxspan,Chile,2015,Finanzas,93,$16885.00,$3433.61
249-73-5363,Dynazzy,Argentina,2011,Comercio,249,$12226.43,$2180.19
192-52-9396,Yotz,Argentina,2005,Transporte,73,$14481.82,$3417.21
802-75-8754,Blogpad,Colombia,2015,Energia,241,$17269.07,$1539.47
890-33-0402,Skyble,Argentina,2008,Transporte,225,$8951.06,$3583.45
674-68-3519,Skimia,Colombia,2014,Medicina,199,$19063.73,$2977.43
502-80-4173,Mita,Argentina,2005,Otros,290,$16669.82,$1167.99
682-45-2503,Shuffletag,Argentina,2012,Tecnologia,111,$5999.69,$2208.78
642-85-3535,Tagfeed,Colombia,2014,Construccion,155,$11562.20,$3314.92
,Jayo,,2008,Entretenimiento,284,$12878.37,$1526.26
470-63-0329,Babbleset,Argentina,2011,Comercio,109,$11189.77,$2188.26
829-57-1708,Mymm,Colombia,2011,Entretenimiento,47,$5727.09,$1114.68
802-34-4826,Podcat,Argentina,2001,Entretenimiento,252,$16877.13,$2166.62
730-81-4477,Buzzdog,Argentina,2005,Medicina,182,$8382.98,$1599.45
680-27-0060,Trunyx,Argentina,2005,Energia,90,$13062.91,$3754.65
113-28-2396,Centimia,Argentina,2014,Entretenimiento,296,$10297.05,$1596.33
249-51-6223,Thoughtmix,Chile,2011,Tecnologia,218,$10285.39,$3978.22
744-70-4322,Blogtags,Colombia,2008,,96,$11269.33,$2145.36
212-49-5464,Oyoyo,Colombia,2005,Tecnologia,213,$15897.07,$3008.14
775-41-0979,,Colombia,2004,Otros,42,$18357.01,$1366.02
873-19-8993,Rhynoodle,Colombia,2005,Medicina,247,$5569.06,$3692.95
864-91-3708,Twitterlist,Argentina,2010,Medicina,66,$10274.50,$3115.86
394-50-3938,Dynazzy,Uruguay,2015,Tecnologia,174,$6696.26,$3003.14
713-07-2249,Divanoodle,Argentina,2009,,117,$9214.66,$1266.73
,Feednation,,2007,Entretenimiento,89,$9292.92,$1577.68
144-51-3519,Twimm,Argentina,2014,Energia,26,$6433.26,$3789.52
164-12-4446,Browsetype,Argentina,2003,Construccion,234,$8052.18,$3566.81
264-61-1246,Yacero,Argentina,2015,Energia,88,$17898.47,$2905.67
440-01-5980,Aimbo,Colombia,2005,Energia,240,$17890.20,$3321.16
308-89-9634,Twitternation,Argentina,2014,Entretenimiento,266,$8469.26,$1452.87
523-29-4758,Podcat,Argentina,2003,Comercio,144,$14181.42,$1874.89
662-17-7277,Babblestorm,Chile,2013,Medicina,145,$11918.86,$3904.54
717-29-1836,Eabox,Colombia,2002,Comercio,169,$11602.86,$1235.00
803-97-0818,Yakitri,Bolivia,2015,Entretenimiento,222,$5528.31,$1033.57
857-62-1466,Roomm,Argentina,2015,Tecnologia,273,$10536.69,$2481.80
,Centidel,,2014,Medicina,269,$8311.44,$1434.80
497-39-4351,Omba,Argentina,2002,Finanzas,103,$7956.15,$3853.01
687-73-4746,Dabshots,Argentina,2002,Energia,77,$8219.06,$2922.56
317-33-5837,Skyble,Colombia,2015,Finanzas,254,$19845.96,$1222.13
856-76-6791,Yoveo,Colombia,2012,Comunicaciones,86,$18263.93,$1501.31
584-93-1716,Thoughtblab,Colombia,2010,Energia,57,$16340.73,$3825.68
319-68-3368,Twitterbridge,Colombia,2005,Construccion,71,$5285.25,$1468.07
,Lajo,,2008,,126,$15161.41,$1364.78
449-67-8421,Thoughtstorm,Colombia,2007,Energia,232,$12984.00,$1669.41
261-95-2162,Tavu,Colombia,2008,,142,$13701.79,$2026.67
880-48-9215,Jabbertype,Colombia,2014,Energia,89,$6232.29,$3006.54
,Fanoodle,,2013,Transporte,187,$5041.02,$1324.66
385-41-9274,Avavee,Colombia,2001,Construccion,236,$15159.47,$2350.04
555-70-0579,Rhynoodle,Argentina,2007,Tecnologia,122,$9391.82,$1109.77
688-73-1429,Trunyx,Argentina,2002,Tecnologia,294,$15612.27,$1058.46
286-89-3279,Aimbo,Colombia,2005,Medicina,258,$16932.63,$2149.21
418-75-5934,Midel,Argentina,2005,Energia,174,$5168.93,$3808.14
885-99-9067,Fiveclub,Colombia,2011,Comunicaciones,161,$19287.68,$2536.42
449-46-9311,Tagpad,Argentina,2002,Finanzas,281,$14602.08,$2282.42
571-54-0286,Miboo,Argentina,2009,Comercio,109,$6019.61,$2535.35
462-14-7503,,Argentina,2001,Comunicaciones,164,$7584.59,$1438.03
780-85-0982,DabZ,Colombia,2001,Medicina,220,$8369.15,$1337.80
893-04-8900,Rhybox,Argentina,2010,Medicina,134,$9600.13,$2111.52
538-78-4674,Layo,Chile,2003,Finanzas,86,$8490.54,$3418.86
331-37-6946,Zoonoodle,Chile,2002,,254,$17509.28,$3559.64
715-77-0821,Realmix,Colombia,2006,Comunicaciones,290,$7465.62,$1712.57
227-48-1957,Skipstorm,Uruguay,2007,Comunicaciones,231,$19570.37,$1404.25
840-20-8395,Ozu,Colombia,2001,Comunicaciones,107,$12647.76,$3338.49
114-86-8898,Livefish,Argentina,2011,Entretenimiento,288,$10562.19,$3608.50
279-44-0517,Brainlounge,Colombia,2007,Medicina,21,$10226.14,$1454.87
177-37-4546,Blogspan,Chile,2014,Medicina,247,$19358.80,$2751.37
547-87-3255,Photobean,Colombia,2010,Construccion,121,$19895.07,$2752.17
,Midel,,2012,Energia,83,$18471.66,$3991.23
498-06-9599,Tavu,Colombia,2015,Entretenimiento,38,$10244.78,$2190.38
410-65-4963,Tambee,Uruguay,2011,Construccion,127,$5779.11,$2465.73
834-48-0867,Layo,Colombia,2012,Entretenimiento,273,$6032.77,$2607.06
401-48-2122,Linkbuzz,Argentina,2005,Transporte,57,$12292.90,$2190.43
368-20-9407,Babbleblab,Argentina,2002,Comercio,201,$8527.73,$3376.57
560-09-6714,Quinu,Argentina,2013,,262,$14144.09,$3533.25
850-41-4907,Skidoo,Colombia,2007,Finanzas,137,$14520.63,$3109.62
475-89-8084,Digitube,Colombia,2015,Tecnologia,211,$9408.62,$1739.87
114-15-4089,Gigaclub,Argentina,2003,Construccion,170,$13152.76,$3150.08
175-93-6778,Meembee,Colombia,2004,Comercio,48,$10014.15,$2554.72
856-80-5127,Fivebridge,Colombia,2013,Tecnologia,125,$8948.60,$1849.38
,Wikivu,,2005,Entretenimiento,103,$10920.45,$3758.80
761-64-5377,Trupe,Argentina,2008,Comercio,70,$17904.41,$3318.79
438-99-4932,Eadel,Argentina,2012,Energia,243,$16154.97,$3990.27
705-23-8007,Skivee,Colombia,2014,Comunicaciones,23,$16098.98,$1412.69
804-78-6300,Bluejam,Argentina,2012,Finanzas,43,$18811.27,$3691.55
603-20-0550,Chatterpoint,Argentina,2012,Energia,35,$6314.80,$1121.62
827-74-5527,Talane,Colombia,2015,Comunicaciones,213,$13715.94,$1723.39
852-22-6758,Centizu,Colombia,2011,Finanzas,288,$17575.53,$1002.23
792-77-5122,Cogidoo,Colombia,2011,Comercio,255,$9947.80,$1841.47
321-32-3637,Demivee,Uruguay,2005,Entretenimiento,93,$11984.93,$2310.47
784-80-6984,Devbug,Argentina,2015,Tecnologia,175,$19153.79,$2044.30
206-92-2013,,Argentina,2010,Comunicaciones,111,$13427.50,$2768.93
335-44-1648,Demimbu,Colombia,2006,Comercio,211,$15137.83,$3720.00
105-65-7700,Latz,Argentina,2006,Comercio,183,$5746.23,$2023.67
